Workbook

Sheet STATS
A1: Date start of operations | B1: 45333 | D1: Gear | E1: Events | F1: Time
B2: 45351 | D2: AT | E2: =COUNTIF(Events!C:C, "*"&D2&"*") -> 6 | F2: =SUMIF(Events!C:C, "*"&D2&"*", Events!K:K) -> 252.5
A3: Days in operations | B3: =B2-B1 -> 18 | D3: NIS | E3: =COUNTIF(Events!C:C, "*"&D3&"*") -> 130 | F3: =SUMIF(Events!C:C, "*"&D3&"*", Events!K:K) -> 0.83263889
A4: Number of Deployments | B4: =COUNTA(Events!C:C) -> 306 | D4: DRM | E4: =COUNTIF(Events!C:C, "*"&D4&"*") -> 11 | F4: =SUMIF(Events!C:C, "*"&D4&"*", Events!K:K) -> 0.50416667
A5: Average deployments/day | B5: =B4/B3 -> 17 | D5: ITD | E5: =COUNTIF(Events!C:C, "*"&D5&"*") -> 2 | F5: =SUMIF(Events!C:C, "*"&D5&"*", Events!K:K) -> 0.03125
A6: Number of Databased Samples | B6: =COUNTA(Samples!A2:A3956) -> 3955 | D6: RD | E6: =COUNTIF(Events!C:C, "*"&D6&"*") -> 15 | F6: =SUMIF(Events!C:C, "*"&D6&"*", Events!K:K) -> 0.20486111
A7: Number of Sample # attributed | B7: =MAX(Events!AA:AB) -> 4317 | D7: ROV | E7: =COUNTIF(Events!C:C, "*"&D7&"*") -> 21 | F7: =SUMIF(Events!C:C, "*"&D7&"*", Events!K:K) -> 0.78611111
A8: Number of Individuals | B8: =SUM(#REF!) -> #REF! | D8: DIV | E8: =COUNTIF(Events!C:C, "*"&D8&"*") -> 42 | F8: =SUMIF(Events!C:C, "*"&D8&"*", Events!K:K) -> 1.2625
A9: Time in Operation (hrs) | B9: =SUM(Events!K:K) -> 670.60694 | D9: ST | E9: =COUNTIF(Events!C:C, "*"&D9&"*") -> 3 | F9: =SUMIF(Events!C:C, "*"&D9&"*", Events!K:K) -> 306.43333
A10: Time in Operation (days) | B10: =B9/24 -> 27.941956 | D10: INC | E10: =COUNTIF(Events!C:C, "*"&D10&"*") -> 4 | F10: =SUMIF(Events!C:C, "*"&D10&"*", Events!K:K) -> 107.91667
D11: TOP | E11: =COUNTIF(Events!C:C, "*"&D11&"*") -> 64 | F11: =SUMIF(Events!C:C, "*"&D11&"*", Events!K:K) -> 0
D12: VV | E12: =COUNTIF(Events!C:C, "*"&D12&"*") -> 6 | F12: =SUMIF(Events!C:C, "*"&D12&"*", Events!K:K) -> 0.11458333
D14: SUM | E14: =SUM(E2:E11) -> 298 | F14: =SUM(F2:F11) -> 670.47153
F15: =SUM(F3:F8,F11,F12) -> 3.7361111

Sheet Calendar
B1: Mon | C1: Tue | D1: Wed | E1: Thu | F1: Fri | G1: Sat | H1: Sun
A2: February | H2: 4
B3: 5 | C3: 6 | D3: 7 | E3: 8 | F3: 9 | G3: 10 | H3: 11
B4: 12 | C4: 13 | D4: 14 | E4: 15 | F4: 16 | G4: 17 | H4: 18
B5: 19 | C5: 20 | D5: 21 | E5: 22 | F5: 23 | G5: 24 | H5: 25
A6: February/March | B6: 26 | C6: 27 | D6: 28 | E6: 29 | F6: 1 | G6: 2 | H6: 3
A7: March | B7: 4 | C7: 5 | D7: 6 | E7: 7 | F7: 8
A9: Mobilisation/Demobilisation
A10: CapeHorn/Drake transit
A11: WAP transit
A12: Work at sea

Sheet Events
A1: locality | B1: higherGeographyID | C1: eventID | D1: gearType | E1: eventDate start | F1: eventDate stop | G1: Time start (UTC-3) | H1: Time end (UTC-3) | I1: eventTime | J1: eventDate | K1: Duration | L1: Collector1 | M1: Collector2 | N1: Collector3 | O1: Collector4 | P1: collector1orcid | Q1: collector2orcid | R1: collector3orcid | S1: collector4orcid | T1: Lat start (dec min) | U1: Long Start (dec min) | V1: Lat Stop (dec min) | W1: Long Stop (dec min) | X1: minimumDepthInMeters | Y1: maximumDepthInMeters | Z1: maximumElevationInMeters | AA1: Sample_Ids Start | AB1: Sample_Ids Stop | AC1: eventRemarks | AD1: Lat Start | AE1: Long Start | AF1: Lat Stop | AG1: Long Stop
A2: Melchior Island, North Omega | B2: https://data.aad.gov.au/aadc/gaz/scar/display_name.cfm?gaz_id=110104 | C2: DIV_1 | D2: =_xlfn.TEXTBEFORE(Table3[[#This Row],[eventID]],"_") -> DIV | E2: 45333 | G2: 0.41319444 | H2: 0.44236111 | I2: 09:55-03:00/10:37-03:00 | J2: 2024-02-11 | K2: =H2-G2 -> 0.029166667 | L2: Martin Dogniez | M2: Lea Katz | N2: Anthony Voisin | P2: =IF(Table3[[#This Row],[Collector1]]="","", _xlfn.LET(_xlpm.x,VLOOKUP(Table3[[#This Row],[Collector1]],'Drop-down_menus'!$F$2:$G$16,2,FALSE),IF(_xlpm.x=0,"",_xlpm.x))) -> https://orcid.org/0000-0002-9708-1761 | Q2: =IF(Table3[[#This Row],[Collector2]]="","", _xlfn.LET(_xlpm.x,VLOOKUP(Table3[[#This Row],[Collector2]],'Drop-down_menus'!$F$2:$G$16,2,FALSE),IF(_xlpm.x=0,"",_xlpm.x))) -> https://orcid.org/0000-0001-5748-602X | R2: =IF(Table3[[#This Row],[Collector3]]="","", _xlfn.LET(_xlpm.x,VLOOKUP(Table3[[#This Row],[Collector3]],'Drop-down_menus'!$F$2:$G$16,2,FALSE),IF(_xlpm.x=0,"",_xlpm.x))) -> https://orcid.org/0000-0003-3696-4445 | S2: =IF(Table3[[#This Row],[Collector4]]="","", _xlfn.LET(_xlpm.x,VLOOKUP(Table3[[#This Row],[Collector4]],'Drop-down_menus'!$F$2:$G$16,2,FALSE),IF(_xlpm.x=0,"",_xlpm.x))) | T2: 64°19,235 | U2: 62°55,418 | Y2: 21 | AA2: 1 | AB2: 70 | AC2: Sea urchins, photography
A3: Melchior Island, North Omega | B3: https://data.aad.gov.au/aadc/gaz/scar/display_name.cfm?gaz_id=110104 | C3: DIV_2 | D3: =_xlfn.TEXTBEFORE(Table3[[#This Row],[eventID]],"_") -> DIV | E3: 45333 | G3: 0.48194444 | H3: 0.51388889 | I3: 11:34-03:00/12:20-03:00 | J3: 2024-02-11 | K3: =H3-G3 -> 0.031944444 | L3: Lucas Terrana | M3: Camille Moreau | P3: =IF(Table3[[#This Row],[Collector1]]="","", _xlfn.LET(_xlpm.x,VLOOKUP(Table3[[#This Row],[Collector1]],'Drop-down_menus'!$F$2:$G$16,2,FALSE),IF(_xlpm.x=0,"",_xlpm.x))) -> https://orcid.org/0000-0001-5767-3220 | Q3: =IF(Table3[[#This Row],[Collector2]]="","", _xlfn.LET(_xlpm.x,VLOOKUP(Table3[[#This Row],[Collector2]],'Drop-down_menus'!$F$2:$G$16,2,FALSE),IF(_xlpm.x=0,"",_xlpm.x))) -> https://orcid.org/0000-0002-0981-7442 | R3: =IF(Table3[[#This Row],[Collector3]]="","", _xlfn.LET(_xlpm.x,VLOOKUP(Table3[[#This Row],[Collector3]],'Drop-down_menus'!$F$2:$G$16,2,FALSE),IF(_xlpm.x=0,"",_xlpm.x))) | S3: =IF(Table3[[#This Row],[Collector4]]="","", _xlfn.LET(_xlpm.x,VLOOKUP(Table3[[#This Row],[Collector4]],'Drop-down_menus'!$F$2:$G$16,2,FALSE),IF(_xlpm.x=0,"",_xlpm.x))) | T3: 64°19,235 | U3: 62°55,418 | Y3: 21 | AA3: 73 | AB3: 92 | AC3: Meiobenthioc cores and incubation cores
A4: Melchior Island, North Omega | B4: https://data.aad.gov.au/aadc/gaz/scar/display_name.cfm?gaz_id=110104 | C4: ST_1 | D4: =_xlfn.TEXTBEFORE(Table3[[#This Row],[eventID]],"_") -> ST | E4: 45333 | F4: 45338 | G4: 0.54027778 | H4: 0.4125 | J4: 2024-02-11T12:58-03:00/2024-02-16T09:54-03:00 | K4: =-((E4+G4)-(F4+H4))*24 -> 116.93333 | L4: Axelle Brusselman | P4: =IF(Table3[[#This Row],[Collector1]]="","", _xlfn.LET(_xlpm.x,VLOOKUP(Table3[[#This Row],[Collector1]],'Drop-down_menus'!$F$2:$G$16,2,FALSE),IF(_xlpm.x=0,"",_xlpm.x))) -> https://orcid.org/0009-0002-6669-2911 | Q4: =IF(Table3[[#This Row],[Collector2]]="","", _xlfn.LET(_xlpm.x,VLOOKUP(Table3[[#This Row],[Collector2]],'Drop-down_menus'!$F$2:$G$16,2,FALSE),IF(_xlpm.x=0,"",_xlpm.x))) | R4: =IF(Table3[[#This Row],[Collector3]]="","", _xlfn.LET(_xlpm.x,VLOOKUP(Table3[[#This Row],[Collector3]],'Drop-down_menus'!$F$2:$G$16,2,FALSE),IF(_xlpm.x=0,"",_xlpm.x))) | S4: =IF(Table3[[#This Row],[Collector4]]="","", _xlfn.LET(_xlpm.x,VLOOKUP(Table3[[#This Row],[Collector4]],'Drop-down_menus'!$F$2:$G$16,2,FALSE),IF(_xlpm.x=0,"",_xlpm.x))) | T4: 64°19,2206 | U4: 62°55,2654 | Y4: 21 | AA4: 1259 | AB4: 1260 | AC4: Deployment
A5: Melchior Island, North Omega | B5: https://data.aad.gov.au/aadc/gaz/scar/display_name.cfm?gaz_id=110104 | C5: NIS_1 | D5: =_xlfn.TEXTBEFORE(Table3[[#This Row],[eventID]],"_") -> NIS | E5: 45333 | G5: 0.69722222 | H5: 0.70833333 | I5: 16:44-03:00/17:00-03:00 | J5: 2024-02-11 | K5: =H5-G5 -> 0.011111111 | L5: Axelle Brusselman | P5: =IF(Table3[[#This Row],[Collector1]]="","", _xlfn.LET(_xlpm.x,VLOOKUP(Table3[[#This Row],[Collector1]],'Drop-down_menus'!$F$2:$G$16,2,FALSE),IF(_xlpm.x=0,"",_xlpm.x))) -> https://orcid.org/0009-0002-6669-2911 | Q5: =IF(Table3[[#This Row],[Collector2]]="","", _xlfn.LET(_xlpm.x,VLOOKUP(Table3[[#This Row],[Collector2]],'Drop-down_menus'!$F$2:$G$16,2,FALSE),IF(_xlpm.x=0,"",_xlpm.x))) | R5: =IF(Table3[[#This Row],[Collector3]]="","", _xlfn.LET(_xlpm.x,VLOOKUP(Table3[[#This Row],[Collector3]],'Drop-down_menus'!$F$2:$G$16,2,FALSE),IF(_xlpm.x=0,"",_xlpm.x))) | S5: =IF(Table3[[#This Row],[Collector4]]="","", _xlfn.LET(_xlpm.x,VLOOKUP(Table3[[#This Row],[Collector4]],'Drop-down_menus'!$F$2:$G$16,2,FALSE),IF(_xlpm.x=0,"",_xlpm.x))) | T5: 64°19,235 | U5: 62°55,418 | Y5: 20 | AA5: 93 | AB5: 137
A6: Melchior Island, North Omega | B6: https://data.aad.gov.au/aadc/gaz/scar/display_name.cfm?gaz_id=110104 | C6: DR_1 | D6: =_xlfn.TEXTBEFORE(Table3[[#This Row],[eventID]],"_") -> DR | E6: 45333 | G6: 0.58333333 | H6: 0.60416667 | I6: 14:00-03:00/14:30-03:00 | J6: 2024-02-11 | K6: =H6-G6 -> 0.020833333 | L6: Bruno Danis | P6: =IF(Table3[[#This Row],[Collector1]]="","", _xlfn.LET(_xlpm.x,VLOOKUP(Table3[[#This Row],[Collector1]],'Drop-down_menus'!$F$2:$G$16,2,FALSE),IF(_xlpm.x=0,"",_xlpm.x))) -> https://orcid.org/0000-0002-9037-7623 | Q6: =IF(Table3[[#This Row],[Collector2]]="","", _xlfn.LET(_xlpm.x,VLOOKUP(Table3[[#This Row],[Collector2]],'Drop-down_menus'!$F$2:$G$16,2,FALSE),IF(_xlpm.x=0,"",_xlpm.x))) | R6: =IF(Table3[[#This Row],[Collector3]]="","", _xlfn.LET(_xlpm.x,VLOOKUP(Table3[[#This Row],[Collector3]],'Drop-down_menus'!$F$2:$G$16,2,FALSE),IF(_xlpm.x=0,"",_xlpm.x))) | S6: =IF(Table3[[#This Row],[Collector4]]="","", _xlfn.LET(_xlpm.x,VLOOKUP(Table3[[#This Row],[Collector4]],'Drop-down_menus'!$F$2:$G$16,2,FALSE),IF(_xlpm.x=0,"",_xlpm.x))) | T6: 64°19,235 | U6: 62°55,418 | Z6: 300
A7: Melchior Island, North Omega | B7: https://data.aad.gov.au/aadc/gaz/scar/display_name.cfm?gaz_id=110104 | C7: AT_1 | D7: =_xlfn.TEXTBEFORE(Table3[[#This Row],[eventID]],"_") -> AT | E7: 45333 | F7: 45335 | G7: 0.72916667 | H7: 0.70833333 | J7: 2024-02-11T17:30-03:00/2024-02-13T17:00-03:00 | K7: =-((E7+G7)-(F7+H7))*24 -> 47.5 | L7: Henri Robert | P7: =IF(Table3[[#This Row],[Collector1]]="","", _xlfn.LET(_xlpm.x,VLOOKUP(Table3[[#This Row],[Collector1]],'Drop-down_menus'!$F$2:$G$16,2,FALSE),IF(_xlpm.x=0,"",_xlpm.x))) | Q7: =IF(Table3[[#This Row],[Collector2]]="","", _xlfn.LET(_xlpm.x,VLOOKUP(Table3[[#This Row],[Collector2]],'Drop-down_menus'!$F$2:$G$16,2,FALSE),IF(_xlpm.x=0,"",_xlpm.x))) | R7: =IF(Table3[[#This Row],[Collector3]]="","", _xlfn.LET(_xlpm.x,VLOOKUP(Table3[[#This Row],[Collector3]],'Drop-down_menus'!$F$2:$G$16,2,FALSE),IF(_xlpm.x=0,"",_xlpm.x))) | S7: =IF(Table3[[#This Row],[Collector4]]="","", _xlfn.LET(_xlpm.x,VLOOKUP(Table3[[#This Row],[Collector4]],'Drop-down_menus'!$F$2:$G$16,2,FALSE),IF(_xlpm.x=0,"",_xlpm.x))) | T7: 64°19,24 | U7: 62°55,25 | Y7: 22 | AC7: Deployment
A8: Melchior Island, North Omega | B8: https://data.aad.gov.au/aadc/gaz/scar/display_name.cfm?gaz_id=110104 | C8: ROV_1 | D8: =_xlfn.TEXTBEFORE(Table3[[#This Row],[eventID]],"_") -> ROV | E8: 45333 | G8: 0.6875 | H8: 0.72916667 | I8: 16:30-03:00/17:30-03:00 | J8: 2024-02-11 | K8: =H8-G8 -> 0.041666667 | L8: Lea Katz | M8: Henri Robert | P8: =IF(Table3[[#This Row],[Collector1]]="","", _xlfn.LET(_xlpm.x,VLOOKUP(Table3[[#This Row],[Collector1]],'Drop-down_menus'!$F$2:$G$16,2,FALSE),IF(_xlpm.x=0,"",_xlpm.x))) -> https://orcid.org/0000-0001-5748-602X | Q8: =IF(Table3[[#This Row],[Collector2]]="","", _xlfn.LET(_xlpm.x,VLOOKUP(Table3[[#This Row],[Collector2]],'Drop-down_menus'!$F$2:$G$16,2,FALSE),IF(_xlpm.x=0,"",_xlpm.x))) | R8: =IF(Table3[[#This Row],[Collector3]]="","", _xlfn.LET(_xlpm.x,VLOOKUP(Table3[[#This Row],[Collector3]],'Drop-down_menus'!$F$2:$G$16,2,FALSE),IF(_xlpm.x=0,"",_xlpm.x))) | S8: =IF(Table3[[#This Row],[Collector4]]="","", _xlfn.LET(_xlpm.x,VLOOKUP(Table3[[#This Row],[Collector4]],'Drop-down_menus'!$F$2:$G$16,2,FALSE),IF(_xlpm.x=0,"",_xlpm.x))) | T8: 64°19,235 | U8: 62°55,418 | Y8: 20 | AC8: Leak
A9: Melchior Island, North Omega | B9: https://data.aad.gov.au/aadc/gaz/scar/display_name.cfm?gaz_id=110104 | C9: DIV_3 | D9: =_xlfn.TEXTBEFORE(Table3[[#This Row],[eventID]],"_") -> DIV | E9: 45334 | G9: 0.37638889 | H9: 0.40763889 | I9: 09:02-03:00/09:47-03:00 | J9: 2024-02-12 | K9: =H9-G9 -> 0.03125 | L9: Anthony Voisin | M9: Martin Dogniez | P9: =IF(Table3[[#This Row],[Collector1]]="","", _xlfn.LET(_xlpm.x,VLOOKUP(Table3[[#This Row],[Collector1]],'Drop-down_menus'!$F$2:$G$16,2,FALSE),IF(_xlpm.x=0,"",_xlpm.x))) -> https://orcid.org/0000-0003-3696-4445 | Q9: =IF(Table3[[#This Row],[Collector2]]="","", _xlfn.LET(_xlpm.x,VLOOKUP(Table3[[#This Row],[Collector2]],'Drop-down_menus'!$F$2:$G$16,2,FALSE),IF(_xlpm.x=0,"",_xlpm.x))) -> https://orcid.org/0000-0002-9708-1761 | R9: =IF(Table3[[#This Row],[Collector3]]="","", _xlfn.LET(_xlpm.x,VLOOKUP(Table3[[#This Row],[Collector3]],'Drop-down_menus'!$F$2:$G$16,2,FALSE),IF(_xlpm.x=0,"",_xlpm.x))) | S9: =IF(Table3[[#This Row],[Collector4]]="","", _xlfn.LET(_xlpm.x,VLOOKUP(Table3[[#This Row],[Collector4]],'Drop-down_menus'!$F$2:$G$16,2,FALSE),IF(_xlpm.x=0,"",_xlpm.x))) | T9: 64°19,235 | U9: 62°55,418 | Y9: 20 | AA9: 301 | AC9: Trophic Quadrats
A10: Melchior Island, North Omega | B10: https://data.aad.gov.au/aadc/gaz/scar/display_name.cfm?gaz_id=110104 | C10: DIV_4 | D10: =_xlfn.TEXTBEFORE(Table3[[#This Row],[eventID]],"_") -> DIV | E10: 45334 | G10: 0.44236111 | H10: 0.47847222 | I10: 10:37-03:00/11:29-03:00 | J10: 2024-02-12 | K10: =H10-G10 -> 0.036111111 | L10: Lea Katz | M10: Lucas Terrana | N10: Camille Moreau | P10: =IF(Table3[[#This Row],[Collector1]]="","", _xlfn.LET(_xlpm.x,VLOOKUP(Table3[[#This Row],[Collector1]],'Drop-down_menus'!$F$2:$G$16,2,FALSE),IF(_xlpm.x=0,"",_xlpm.x))) -> https://orcid.org/0000-0001-5748-602X | Q10: =IF(Table3[[#This Row],[Collector2]]="","", _xlfn.LET(_xlpm.x,VLOOKUP(Table3[[#This Row],[Collector2]],'Drop-down_menus'!$F$2:$G$16,2,FALSE),IF(_xlpm.x=0,"",_xlpm.x))) -> https://orcid.org/0000-0001-5767-3220 | R10: =IF(Table3[[#This Row],[Collector3]]="","", _xlfn.LET(_xlpm.x,VLOOKUP(Table3[[#This Row],[Collector3]],'Drop-down_menus'!$F$2:$G$16,2,FALSE),IF(_xlpm.x=0,"",_xlpm.x))) -> https://orcid.org/0000-0002-0981-7442 | S10: =IF(Table3[[#This Row],[Collector4]]="","", _xlfn.LET(_xlpm.x,VLOOKUP(Table3[[#This Row],[Collector4]],'Drop-down_menus'!$F$2:$G$16,2,FALSE),IF(_xlpm.x=0,"",_xlpm.x))) | T10: 64°19,235 | U10: 62°55,418 | Y10: 22 | AA10: 140 | AB10: 150 | AC10: Morphotype collection and documentation
A11: Melchior Island, North Omega | B11: https://data.aad.gov.au/aadc/gaz/scar/display_name.cfm?gaz_id=110104 | C11: NIS_2 | D11: =_xlfn.TEXTBEFORE(Table3[[#This Row],[eventID]],"_") -> NIS | E11: 45334 | G11: 0.41666667 | H11: 0.43055556 | I11: 10:00-03:00/10:20-03:00 | J11: 2024-02-12 | K11: =H11-G11 -> 0.013888889 | L11: Axelle Brusselman | M11: Manon Bayat | P11: =IF(Table3[[#This Row],[Collector1]]="","", _xlfn.LET(_xlpm.x,VLOOKUP(Table3[[#This Row],[Collector1]],'Drop-down_menus'!$F$2:$G$16,2,FALSE),IF(_xlpm.x=0,"",_xlpm.x))) -> https://orcid.org/0009-0002-6669-2911 | Q11: =IF(Table3[[#This Row],[Collector2]]="","", _xlfn.LET(_xlpm.x,VLOOKUP(Table3[[#This Row],[Collector2]],'Drop-down_menus'!$F$2:$G$16,2,FALSE),IF(_xlpm.x=0,"",_xlpm.x))) | R11: =IF(Table3[[#This Row],[Collector3]]="","", _xlfn.LET(_xlpm.x,VLOOKUP(Table3[[#This Row],[Collector3]],'Drop-down_menus'!$F$2:$G$16,2,FALSE),IF(_xlpm.x=0,"",_xlpm.x))) | S11: =IF(Table3[[#This Row],[Collector4]]="","", _xlfn.LET(_xlpm.x,VLOOKUP(Table3[[#This Row],[Collector4]],'Drop-down_menus'!$F$2:$G$16,2,FALSE),IF(_xlpm.x=0,"",_xlpm.x))) | T11: 64°19,235 | U11: 62°55,418 | X11: 0 | Y11: 20 | AA11: 171 | AB11: 182
A12: Melchior Island, North Omega | B12: https://data.aad.gov.au/aadc/gaz/scar/display_name.cfm?gaz_id=110104 | C12: NIS_3 | D12: =_xlfn.TEXTBEFORE(Table3[[#This Row],[eventID]],"_") -> NIS | E12: 45334 | G12: 0.61458333 | H12: 0.61805556 | I12: 14:45-03:00/14:50-03:00 | J12: 2024-02-12 | K12: =H12-G12 -> 0.0034722222 | L12: Axelle Brusselman | M12: Manon Bayat | P12: =IF(Table3[[#This Row],[Collector1]]="","", _xlfn.LET(_xlpm.x,VLOOKUP(Table3[[#This Row],[Collector1]],'Drop-down_menus'!$F$2:$G$16,2,FALSE),IF(_xlpm.x=0,"",_xlpm.x))) -> https://orcid.org/0009-0002-6669-2911 | Q12: =IF(Table3[[#This Row],[Collector2]]="","", _xlfn.LET(_xlpm.x,VLOOKUP(Table3[[#This Row],[Collector2]],'Drop-down_menus'!$F$2:$G$16,2,FALSE),IF(_xlpm.x=0,"",_xlpm.x))) | R12: =IF(Table3[[#This Row],[Collector3]]="","", _xlfn.LET(_xlpm.x,VLOOKUP(Table3[[#This Row],[Collector3]],'Drop-down_menus'!$F$2:$G$16,2,FALSE),IF(_xlpm.x=0,"",_xlpm.x))) | S12: =IF(Table3[[#This Row],[Collector4]]="","", _xlfn.LET(_xlpm.x,VLOOKUP(Table3[[#This Row],[Collector4]],'Drop-down_menus'!$F$2:$G$16,2,FALSE),IF(_xlpm.x=0,"",_xlpm.x))) | Y12: 0 | AA12: 183 | AB12: 188 | AD12: 64.315098 | AE12: 62.930713
A13: Melchior Island, North Omega | B13: https://data.aad.gov.au/aadc/gaz/scar/display_name.cfm?gaz_id=110104 | C13: NIS_4 | D13: =_xlfn.TEXTBEFORE(Table3[[#This Row],[eventID]],"_") -> NIS | E13: 45334 | G13: 0.63125 | H13: 0.63402778 | I13: 15:09-03:00/15:13-03:00 | J13: 2024-02-12 | K13: =H13-G13 -> 0.0027777778 | L13: Axelle Brusselman | M13: Manon Bayat | P13: =IF(Table3[[#This Row],[Collector1]]="","", _xlfn.LET(_xlpm.x,VLOOKUP(Table3[[#This Row],[Collector1]],'Drop-down_menus'!$F$2:$G$16,2,FALSE),IF(_xlpm.x=0,"",_xlpm.x))) -> https://orcid.org/0009-0002-6669-2911 | Q13: =IF(Table3[[#This Row],[Collector2]]="","", _xlfn.LET(_xlpm.x,VLOOKUP(Table3[[#This Row],[Collector2]],'Drop-down_menus'!$F$2:$G$16,2,FALSE),IF(_xlpm.x=0,"",_xlpm.x))) | R13: =IF(Table3[[#This Row],[Collector3]]="","", _xlfn.LET(_xlpm.x,VLOOKUP(Table3[[#This Row],[Collector3]],'Drop-down_menus'!$F$2:$G$16,2,FALSE),IF(_xlpm.x=0,"",_xlpm.x))) | S13: =IF(Table3[[#This Row],[Collector4]]="","", _xlfn.LET(_xlpm.x,VLOOKUP(Table3[[#This Row],[Collector4]],'Drop-down_menus'!$F$2:$G$16,2,FALSE),IF(_xlpm.x=0,"",_xlpm.x))) | Y13: 0 | AA13: 189 | AB13: 194 | AD13: 64.307023 | AE13: 62.947417
A14: Melchior Island, North Omega | B14: https://data.aad.gov.au/aadc/gaz/scar/display_name.cfm?gaz_id=110104 | C14: NIS_5 | D14: =_xlfn.TEXTBEFORE(Table3[[#This Row],[eventID]],"_") -> NIS | E14: 45334 | G14: 0.63819444 | H14: 0.64166667 | I14: 15:19-03:00/15:24-03:00 | J14: 2024-02-12 | K14: =H14-G14 -> 0.0034722222 | L14: Axelle Brusselman | M14: Manon Bayat | P14: =IF(Table3[[#This Row],[Collector1]]="","", _xlfn.LET(_xlpm.x,VLOOKUP(Table3[[#This Row],[Collector1]],'Drop-down_menus'!$F$2:$G$16,2,FALSE),IF(_xlpm.x=0,"",_xlpm.x))) -> https://orcid.org/0009-0002-6669-2911 | Q14: =IF(Table3[[#This Row],[Collector2]]="","", _xlfn.LET(_xlpm.x,VLOOKUP(Table3[[#This Row],[Collector2]],'Drop-down_menus'!$F$2:$G$16,2,FALSE),IF(_xlpm.x=0,"",_xlpm.x))) | R14: =IF(Table3[[#This Row],[Collector3]]="","", _xlfn.LET(_xlpm.x,VLOOKUP(Table3[[#This Row],[Collector3]],'Drop-down_menus'!$F$2:$G$16,2,FALSE),IF(_xlpm.x=0,"",_xlpm.x))) | S14: =IF(Table3[[#This Row],[Collector4]]="","", _xlfn.LET(_xlpm.x,VLOOKUP(Table3[[#This Row],[Collector4]],'Drop-down_menus'!$F$2:$G$16,2,FALSE),IF(_xlpm.x=0,"",_xlpm.x))) | Y14: 0 | AA14: 195 | AB14: 200 | AD14: 64.308496 | AE14: 62.94315
A15: Melchior Island, North Omega | B15: https://data.aad.gov.au/aadc/gaz/scar/display_name.cfm?gaz_id=110104 | C15: NIS_6 | D15: =_xlfn.TEXTBEFORE(Table3[[#This Row],[eventID]],"_") -> NIS | E15: 45334 | G15: 0.64583333 | H15: 0.64930556 | I15: 15:30-03:00/15:35-03:00 | J15: 2024-02-12 | K15: =H15-G15 -> 0.0034722222 | L15: Axelle Brusselman | M15: Manon Bayat | P15: =IF(Table3[[#This Row],[Collector1]]="","", _xlfn.LET(_xlpm.x,VLOOKUP(Table3[[#This Row],[Collector1]],'Drop-down_menus'!$F$2:$G$16,2,FALSE),IF(_xlpm.x=0,"",_xlpm.x))) -> https://orcid.org/0009-0002-6669-2911 | Q15: =IF(Table3[[#This Row],[Collector2]]="","", _xlfn.LET(_xlpm.x,VLOOKUP(Table3[[#This Row],[Collector2]],'Drop-down_menus'!$F$2:$G$16,2,FALSE),IF(_xlpm.x=0,"",_xlpm.x))) | R15: =IF(Table3[[#This Row],[Collector3]]="","", _xlfn.LET(_xlpm.x,VLOOKUP(Table3[[#This Row],[Collector3]],'Drop-down_menus'!$F$2:$G$16,2,FALSE),IF(_xlpm.x=0,"",_xlpm.x))) | S15: =IF(Table3[[#This Row],[Collector4]]="","", _xlfn.LET(_xlpm.x,VLOOKUP(Table3[[#This Row],[Collector4]],'Drop-down_menus'!$F$2:$G$16,2,FALSE),IF(_xlpm.x=0,"",_xlpm.x))) | Y15: 0 | AA15: 201 | AB15: 206 | AD15: 64.317163 | AE15: 62.927629
A16: Melchior Island, North Omega | B16: https://data.aad.gov.au/aadc/gaz/scar/display_name.cfm?gaz_id=110104 | C16: NIS_7 | D16: =_xlfn.TEXTBEFORE(Table3[[#This Row],[eventID]],"_") -> NIS | E16: 45334 | G16: 0.65208333 | H16: 0.65555556 | I16: 15:39-03:00/15:44-03:00 | J16: 2024-02-12 | K16: =H16-G16 -> 0.0034722222 | L16: Axelle Brusselman | M16: Manon Bayat | P16: =IF(Table3[[#This Row],[Collector1]]="","", _xlfn.LET(_xlpm.x,VLOOKUP(Table3[[#This Row],[Collector1]],'Drop-down_menus'!$F$2:$G$16,2,FALSE),IF(_xlpm.x=0,"",_xlpm.x))) -> https://orcid.org/0009-0002-6669-2911 | Q16: =IF(Table3[[#This Row],[Collector2]]="","", _xlfn.LET(_xlpm.x,VLOOKUP(Table3[[#This Row],[Collector2]],'Drop-down_menus'!$F$2:$G$16,2,FALSE),IF(_xlpm.x=0,"",_xlpm.x))) | R16: =IF(Table3[[#This Row],[Collector3]]="","", _xlfn.LET(_xlpm.x,VLOOKUP(Table3[[#This Row],[Collector3]],'Drop-down_menus'!$F$2:$G$16,2,FALSE),IF(_xlpm.x=0,"",_xlpm.x))) | S16: =IF(Table3[[#This Row],[Collector4]]="","", _xlfn.LET(_xlpm.x,VLOOKUP(Table3[[#This Row],[Collector4]],'Drop-down_menus'!$F$2:$G$16,2,FALSE),IF(_xlpm.x=0,"",_xlpm.x))) | Y16: 0 | AA16: 207 | AB16: 212 | AD16: 64.318697 | AE16: 62.926535
A17: Melchior Island, North Omega | B17: https://data.aad.gov.au/aadc/gaz/scar/display_name.cfm?gaz_id=110104 | C17: NIS_8 | D17: =_xlfn.TEXTBEFORE(Table3[[#This Row],[eventID]],"_") -> NIS | E17: 45334 | G17: 0.65833333 | H17: 0.66180556 | I17: 15:48-03:00/15:53-03:00 | J17: 2024-02-12 | K17: =H17-G17 -> 0.0034722222 | L17: Axelle Brusselman | M17: Manon Bayat | P17: =IF(Table3[[#This Row],[Collector1]]="","", _xlfn.LET(_xlpm.x,VLOOKUP(Table3[[#This Row],[Collector1]],'Drop-down_menus'!$F$2:$G$16,2,FALSE),IF(_xlpm.x=0,"",_xlpm.x))) -> https://orcid.org/0009-0002-6669-2911 | Q17: =IF(Table3[[#This Row],[Collector2]]="","", _xlfn.LET(_xlpm.x,VLOOKUP(Table3[[#This Row],[Collector2]],'Drop-down_menus'!$F$2:$G$16,2,FALSE),IF(_xlpm.x=0,"",_xlpm.x))) | R17: =IF(Table3[[#This Row],[Collector3]]="","", _xlfn.LET(_xlpm.x,VLOOKUP(Table3[[#This Row],[Collector3]],'Drop-down_menus'!$F$2:$G$16,2,FALSE),IF(_xlpm.x=0,"",_xlpm.x))) | S17: =IF(Table3[[#This Row],[Collector4]]="","", _xlfn.LET(_xlpm.x,VLOOKUP(Table3[[#This Row],[Collector4]],'Drop-down_menus'!$F$2:$G$16,2,FALSE),IF(_xlpm.x=0,"",_xlpm.x))) | Y17: 0 | AA17: 213 | AB17: 218 | AD17: 64.319872 | AE17: 62.92531
A18: Melchior Island, North Omega | B18: https://data.aad.gov.au/aadc/gaz/scar/display_name.cfm?gaz_id=110104 | C18: NIS_9 | D18: =_xlfn.TEXTBEFORE(Table3[[#This Row],[eventID]],"_") -> NIS | E18: 45334 | G18: 0.66458333 | H18: 0.66805556 | I18: 15:57-03:00/16:02-03:00 | J18: 2024-02-12 | K18: =H18-G18 -> 0.0034722222 | L18: Axelle Brusselman | M18: Manon Bayat | P18: =IF(Table3[[#This Row],[Collector1]]="","", _xlfn.LET(_xlpm.x,VLOOKUP(Table3[[#This Row],[Collector1]],'Drop-down_menus'!$F$2:$G$16,2,FALSE),IF(_xlpm.x=0,"",_xlpm.x))) -> https://orcid.org/0009-0002-6669-2911 | Q18: =IF(Table3[[#This Row],[Collector2]]="","", _xlfn.LET(_xlpm.x,VLOOKUP(Table3[[#This Row],[Collector2]],'Drop-down_menus'!$F$2:$G$16,2,FALSE),IF(_xlpm.x=0,"",_xlpm.x))) | R18: =IF(Table3[[#This Row],[Collector3]]="","", _xlfn.LET(_xlpm.x,VLOOKUP(Table3[[#This Row],[Collector3]],'Drop-down_menus'!$F$2:$G$16,2,FALSE),IF(_xlpm.x=0,"",_xlpm.x))) | S18: =IF(Table3[[#This Row],[Collector4]]="","", _xlfn.LET(_xlpm.x,VLOOKUP(Table3[[#This Row],[Collector4]],'Drop-down_menus'!$F$2:$G$16,2,FALSE),IF(_xlpm.x=0,"",_xlpm.x))) | Y18: 0 | AA18: 219 | AB18: 224 | AD18: 64.320347 | AE18: 62.923212
A19: Melchior Island, North Omega | B19: https://data.aad.gov.au/aadc/gaz/scar/display_name.cfm?gaz_id=110104 | C19: NIS_10 | D19: =_xlfn.TEXTBEFORE(Table3[[#This Row],[eventID]],"_") -> NIS | E19: 45334 | G19: 0.67708333 | H19: 0.68055556 | I19: 16:15-03:00/16:20-03:00 | J19: 2024-02-12 | K19: =H19-G19 -> 0.0034722222 | L19: Axelle Brusselman | M19: Manon Bayat | P19: =IF(Table3[[#This Row],[Collector1]]="","", _xlfn.LET(_xlpm.x,VLOOKUP(Table3[[#This Row],[Collector1]],'Drop-down_menus'!$F$2:$G$16,2,FALSE),IF(_xlpm.x=0,"",_xlpm.x))) -> https://orcid.org/0009-0002-6669-2911 | Q19: =IF(Table3[[#This Row],[Collector2]]="","", _xlfn.LET(_xlpm.x,VLOOKUP(Table3[[#This Row],[Collector2]],'Drop-down_menus'!$F$2:$G$16,2,FALSE),IF(_xlpm.x=0,"",_xlpm.x))) | R19: =IF(Table3[[#This Row],[Collector3]]="","", _xlfn.LET(_xlpm.x,VLOOKUP(Table3[[#This Row],[Collector3]],'Drop-down_menus'!$F$2:$G$16,2,FALSE),IF(_xlpm.x=0,"",_xlpm.x))) | S19: =IF(Table3[[#This Row],[Collector4]]="","", _xlfn.LET(_xlpm.x,VLOOKUP(Table3[[#This Row],[Collector4]],'Drop-down_menus'!$F$2:$G$16,2,FALSE),IF(_xlpm.x=0,"",_xlpm.x))) | Y19: 0 | AA19: 225 | AB19: 230 | AC19: Second CH4/N2O exploded | AD19: 64.320825 | AE19: 62.900296
A20: Melchior Island, North Omega | B20: https://data.aad.gov.au/aadc/gaz/scar/display_name.cfm?gaz_id=110104 | C20: NIS_11 | D20: =_xlfn.TEXTBEFORE(Table3[[#This Row],[eventID]],"_") -> NIS | E20: 45334 | G20: 0.68472222 | H20: 0.68819444 | I20: 16:26-03:00/16:31-03:00 | J20: 2024-02-12 | K20: =H20-G20 -> 0.0034722222 | L20: Axelle Brusselman | M20: Manon Bayat | P20: =IF(Table3[[#This Row],[Collector1]]="","", _xlfn.LET(_xlpm.x,VLOOKUP(Table3[[#This Row],[Collector1]],'Drop-down_menus'!$F$2:$G$16,2,FALSE),IF(_xlpm.x=0,"",_xlpm.x))) -> https://orcid.org/0009-0002-6669-2911 | Q20: =IF(Table3[[#This Row],[Collector2]]="","", _xlfn.LET(_xlpm.x,VLOOKUP(Table3[[#This Row],[Collector2]],'Drop-down_menus'!$F$2:$G$16,2,FALSE),IF(_xlpm.x=0,"",_xlpm.x))) | R20: =IF(Table3[[#This Row],[Collector3]]="","", _xlfn.LET(_xlpm.x,VLOOKUP(Table3[[#This Row],[Collector3]],'Drop-down_menus'!$F$2:$G$16,2,FALSE),IF(_xlpm.x=0,"",_xlpm.x))) | S20: =IF(Table3[[#This Row],[Collector4]]="","", _xlfn.LET(_xlpm.x,VLOOKUP(Table3[[#This Row],[Collector4]],'Drop-down_menus'!$F$2:$G$16,2,FALSE),IF(_xlpm.x=0,"",_xlpm.x))) | Y20: 0 | AA20: 231 | AB20: 236 | AD20: 64.319152 | AE20: 62.909623
A21: Melchior Island, North Omega | B21: https://data.aad.gov.au/aadc/gaz/scar/display_name.cfm?gaz_id=110104 | C21: NIS_12 | D21: =_xlfn.TEXTBEFORE(Table3[[#This Row],[eventID]],"_") -> NIS | E21: 45334 | G21: 0.69027778 | H21: 0.69375 | I21: 16:34-03:00/16:39-03:00 | J21: 2024-02-12 | K21: =H21-G21 -> 0.0034722222 | L21: Axelle Brusselman | M21: Manon Bayat | P21: =IF(Table3[[#This Row],[Collector1]]="","", _xlfn.LET(_xlpm.x,VLOOKUP(Table3[[#This Row],[Collector1]],'Drop-down_menus'!$F$2:$G$16,2,FALSE),IF(_xlpm.x=0,"",_xlpm.x))) -> https://orcid.org/0009-0002-6669-2911 | Q21: =IF(Table3[[#This Row],[Collector2]]="","", _xlfn.LET(_xlpm.x,VLOOKUP(Table3[[#This Row],[Collector2]],'Drop-down_menus'!$F$2:$G$16,2,FALSE),IF(_xlpm.x=0,"",_xlpm.x))) | R21: =IF(Table3[[#This Row],[Collector3]]="","", _xlfn.LET(_xlpm.x,VLOOKUP(Table3[[#This Row],[Collector3]],'Drop-down_menus'!$F$2:$G$16,2,FALSE),IF(_xlpm.x=0,"",_xlpm.x))) | S21: =IF(Table3[[#This Row],[Collector4]]="","", _xlfn.LET(_xlpm.x,VLOOKUP(Table3[[#This Row],[Collector4]],'Drop-down_menus'!$F$2:$G$16,2,FALSE),IF(_xlpm.x=0,"",_xlpm.x))) | Y21: 0 | AA21: 237 | AB21: 242 | AC21: 6-7 m from glacier | AD21: 64.31974 | AE21: 62.917007
A22: Melchior Island, North Omega | B22: https://data.aad.gov.au/aadc/gaz/scar/display_name.cfm?gaz_id=110104 | C22: NIS_13 | D22: =_xlfn.TEXTBEFORE(Table3[[#This Row],[eventID]],"_") -> NIS | E22: 45334 | G22: 0.7 | H22: 0.70347222 | I22: 16:48-03:00/16:53-03:00 | J22: 2024-02-12 | K22: =H22-G22 -> 0.0034722222 | L22: Axelle Brusselman | M22: Manon Bayat | P22: =IF(Table3[[#This Row],[Collector1]]="","", _xlfn.LET(_xlpm.x,VLOOKUP(Table3[[#This Row],[Collector1]],'Drop-down_menus'!$F$2:$G$16,2,FALSE),IF(_xlpm.x=0,"",_xlpm.x))) -> https://orcid.org/0009-0002-6669-2911 | Q22: =IF(Table3[[#This Row],[Collector2]]="","", _xlfn.LET(_xlpm.x,VLOOKUP(Table3[[#This Row],[Collector2]],'Drop-down_menus'!$F$2:$G$16,2,FALSE),IF(_xlpm.x=0,"",_xlpm.x))) | R22: =IF(Table3[[#This Row],[Collector3]]="","", _xlfn.LET(_xlpm.x,VLOOKUP(Table3[[#This Row],[Collector3]],'Drop-down_menus'!$F$2:$G$16,2,FALSE),IF(_xlpm.x=0,"",_xlpm.x))) | S22: =IF(Table3[[#This Row],[Collector4]]="","", _xlfn.LET(_xlpm.x,VLOOKUP(Table3[[#This Row],[Collector4]],'Drop-down_menus'!$F$2:$G$16,2,FALSE),IF(_xlpm.x=0,"",_xlpm.x))) | Y22: 0 | AA22: 243 | AB22: 248 | AC22: Run-off | AD22: 64.316989 | AE22: 62.914304
A23: Melchior Island, North Omega | B23: https://data.aad.gov.au/aadc/gaz/scar/display_name.cfm?gaz_id=110104 | C23: NIS_14 | D23: =_xlfn.TEXTBEFORE(Table3[[#This Row],[eventID]],"_") -> NIS | E23: 45334 | G23: 0.70763889 | H23: 0.71111111 | I23: 16:59-03:00/17:04-03:00 | J23: 2024-02-12 | K23: =H23-G23 -> 0.0034722222 | L23: Axelle Brusselman | M23: Manon Bayat | P23: =IF(Table3[[#This Row],[Collector1]]="","", _xlfn.LET(_xlpm.x,VLOOKUP(Table3[[#This Row],[Collector1]],'Drop-down_menus'!$F$2:$G$16,2,FALSE),IF(_xlpm.x=0,"",_xlpm.x))) -> https://orcid.org/0009-0002-6669-2911 | Q23: =IF(Table3[[#This Row],[Collector2]]="","", _xlfn.LET(_xlpm.x,VLOOKUP(Table3[[#This Row],[Collector2]],'Drop-down_menus'!$F$2:$G$16,2,FALSE),IF(_xlpm.x=0,"",_xlpm.x))) | R23: =IF(Table3[[#This Row],[Collector3]]="","", _xlfn.LET(_xlpm.x,VLOOKUP(Table3[[#This Row],[Collector3]],'Drop-down_menus'!$F$2:$G$16,2,FALSE),IF(_xlpm.x=0,"",_xlpm.x))) | S23: =IF(Table3[[#This Row],[Collector4]]="","", _xlfn.LET(_xlpm.x,VLOOKUP(Table3[[#This Row],[Collector4]],'Drop-down_menus'!$F$2:$G$16,2,FALSE),IF(_xlpm.x=0,"",_xlpm.x))) | Y23: 0 | AA23: 249 | AB23: 254 | AC23: Run-off | AD23: 64.319271 | AE23: 62.917854
A24: Melchior Island, North Omega | B24: https://data.aad.gov.au/aadc/gaz/scar/display_name.cfm?gaz_id=110104 | C24: NIS_15 | D24: =_xlfn.TEXTBEFORE(Table3[[#This Row],[eventID]],"_") -> NIS | E24: 45334 | G24: 0.71388889 | H24: 0.71736111 | I24: 17:08-03:00/17:13-03:00 | J24: 2024-02-12 | K24: =H24-G24 -> 0.0034722222 | L24: Axelle Brusselman | M24: Manon Bayat | P24: =IF(Table3[[#This Row],[Collector1]]="","", _xlfn.LET(_xlpm.x,VLOOKUP(Table3[[#This Row],[Collector1]],'Drop-down_menus'!$F$2:$G$16,2,FALSE),IF(_xlpm.x=0,"",_xlpm.x))) -> https://orcid.org/0009-0002-6669-2911 | Q24: =IF(Table3[[#This Row],[Collector2]]="","", _xlfn.LET(_xlpm.x,VLOOKUP(Table3[[#This Row],[Collector2]],'Drop-down_menus'!$F$2:$G$16,2,FALSE),IF(_xlpm.x=0,"",_xlpm.x))) | R24: =IF(Table3[[#This Row],[Collector3]]="","", _xlfn.LET(_xlpm.x,VLOOKUP(Table3[[#This Row],[Collector3]],'Drop-down_menus'!$F$2:$G$16,2,FALSE),IF(_xlpm.x=0,"",_xlpm.x))) | S24: =IF(Table3[[#This Row],[Collector4]]="","", _xlfn.LET(_xlpm.x,VLOOKUP(Table3[[#This Row],[Collector4]],'Drop-down_menus'!$F$2:$G$16,2,FALSE),IF(_xlpm.x=0,"",_xlpm.x))) | Y24: 0 | AA24: 255 | AB24: 260 | AC24: No Run-off | AD24: 64.32025 | AE24: 62.915516
A25: Melchior Island, North Omega | B25: https://data.aad.gov.au/aadc/gaz/scar/display_name.cfm?gaz_id=110104 | C25: NIS_16 | D25: =_xlfn.TEXTBEFORE(Table3[[#This Row],[eventID]],"_") -> NIS | E25: 45334 | G25: 0.72013889 | H25: 0.72361111 | I25: 17:17-03:00/17:22-03:00 | J25: 2024-02-12 | K25: =H25-G25 -> 0.0034722222 | L25: Axelle Brusselman | M25: Manon Bayat | P25: =IF(Table3[[#This Row],[Collector1]]="","", _xlfn.LET(_xlpm.x,VLOOKUP(Table3[[#This Row],[Collector1]],'Drop-down_menus'!$F$2:$G$16,2,FALSE),IF(_xlpm.x=0,"",_xlpm.x))) -> https://orcid.org/0009-0002-6669-2911 | Q25: =IF(Table3[[#This Row],[Collector2]]="","", _xlfn.LET(_xlpm.x,VLOOKUP(Table3[[#This Row],[Collector2]],'Drop-down_menus'!$F$2:$G$16,2,FALSE),IF(_xlpm.x=0,"",_xlpm.x))) | R25: =IF(Table3[[#This Row],[Collector3]]="","", _xlfn.LET(_xlpm.x,VLOOKUP(Table3[[#This Row],[Collector3]],'Drop-down_menus'!$F$2:$G$16,2,FALSE),IF(_xlpm.x=0,"",_xlpm.x))) | S25: =IF(Table3[[#This Row],[Collector4]]="","", _xlfn.LET(_xlpm.x,VLOOKUP(Table3[[#This Row],[Collector4]],'Drop-down_menus'!$F$2:$G$16,2,FALSE),IF(_xlpm.x=0,"",_xlpm.x))) | Y25: 0 | AA25: 261 | AB25: 266 | AC25: No Run-off | AD25: 64.320581 | AE25: 62.918766
A26: Melchior Island, North Omega | B26: https://data.aad.gov.au/aadc/gaz/scar/display_name.cfm?gaz_id=110104 | C26: ROV_2 | D26: =_xlfn.TEXTBEFORE(Table3[[#This Row],[eventID]],"_") -> ROV | E26: 45334 | G26: 0.57361111 | H26: 0.58125 | I26: 13:46-03:00/13:57-03:00 | J26: 2024-02-12 | K26: =H26-G26 -> 0.0076388889 | L26: Lea Katz | M26: Henri Robert | P26: =IF(Table3[[#This Row],[Collector1]]="","", _xlfn.LET(_xlpm.x,VLOOKUP(Table3[[#This Row],[Collector1]],'Drop-down_menus'!$F$2:$G$16,2,FALSE),IF(_xlpm.x=0,"",_xlpm.x))) -> https://orcid.org/0000-0001-5748-602X | Q26: =IF(Table3[[#This Row],[Collector2]]="","", _xlfn.LET(_xlpm.x,VLOOKUP(Table3[[#This Row],[Collector2]],'Drop-down_menus'!$F$2:$G$16,2,FALSE),IF(_xlpm.x=0,"",_xlpm.x))) | R26: =IF(Table3[[#This Row],[Collector3]]="","", _xlfn.LET(_xlpm.x,VLOOKUP(Table3[[#This Row],[Collector3]],'Drop-down_menus'!$F$2:$G$16,2,FALSE),IF(_xlpm.x=0,"",_xlpm.x))) | S26: =IF(Table3[[#This Row],[Collector4]]="","", _xlfn.LET(_xlpm.x,VLOOKUP(Table3[[#This Row],[Collector4]],'Drop-down_menus'!$F$2:$G$16,2,FALSE),IF(_xlpm.x=0,"",_xlpm.x))) | T26: 64°19,235 | U26: 62°55,418 | X26: 0 | Y26: 20
A27: Melchior Island, North Omega | B27: https://data.aad.gov.au/aadc/gaz/scar/display_name.cfm?gaz_id=110104 | C27: ROV_3 | D27: =_xlfn.TEXTBEFORE(Table3[[#This Row],[eventID]],"_") -> ROV | E27: 45334 | G27: 0.68541667 | H27: 0.69513889 | I27: 16:27-03:00/16:41-03:00 | J27: 2024-02-12 | K27: =H27-G27 -> 0.0097222222 | L27: Lea Katz | M27: Henri Robert | P27: =IF(Table3[[#This Row],[Collector1]]="","", _xlfn.LET(_xlpm.x,VLOOKUP(Table3[[#This Row],[Collector1]],'Drop-down_menus'!$F$2:$G$16,2,FALSE),IF(_xlpm.x=0,"",_xlpm.x))) -> https://orcid.org/0000-0001-5748-602X | Q27: =IF(Table3[[#This Row],[Collector2]]="","", _xlfn.LET(_xlpm.x,VLOOKUP(Table3[[#This Row],[Collector2]],'Drop-down_menus'!$F$2:$G$16,2,FALSE),IF(_xlpm.x=0,"",_xlpm.x))) | R27: =IF(Table3[[#This Row],[Collector3]]="","", _xlfn.LET(_xlpm.x,VLOOKUP(Table3[[#This Row],[Collector3]],'Drop-down_menus'!$F$2:$G$16,2,FALSE),IF(_xlpm.x=0,"",_xlpm.x))) | S27: =IF(Table3[[#This Row],[Collector4]]="","", _xlfn.LET(_xlpm.x,VLOOKUP(Table3[[#This Row],[Collector4]],'Drop-down_menus'!$F$2:$G$16,2,FALSE),IF(_xlpm.x=0,"",_xlpm.x))) | T27: 64°19,235 | U27: 62°55,418 | X27: 5 | Y27: 13
A28: Melchior Island, North Omega | B28: https://data.aad.gov.au/aadc/gaz/scar/display_name.cfm?gaz_id=110104 | C28: RD_1 | D28: =_xlfn.TEXTBEFORE(Table3[[#This Row],[eventID]],"_") -> RD | E28: 45334 | G28: 0.5625 | H28: 0.57638889 | I28: 13:30-03:00/13:50-03:00 | J28: 2024-02-12 | K28: =H28-G28 -> 0.013888889 | L28: Henri Robert | P28: =IF(Table3[[#This Row],[Collector1]]="","", _xlfn.LET(_xlpm.x,VLOOKUP(Table3[[#This Row],[Collector1]],'Drop-down_menus'!$F$2:$G$16,2,FALSE),IF(_xlpm.x=0,"",_xlpm.x))) | Q28: =IF(Table3[[#This Row],[Collector2]]="","", _xlfn.LET(_xlpm.x,VLOOKUP(Table3[[#This Row],[Collector2]],'Drop-down_menus'!$F$2:$G$16,2,FALSE),IF(_xlpm.x=0,"",_xlpm.x))) | R28: =IF(Table3[[#This Row],[Collector3]]="","", _xlfn.LET(_xlpm.x,VLOOKUP(Table3[[#This Row],[Collector3]],'Drop-down_menus'!$F$2:$G$16,2,FALSE),IF(_xlpm.x=0,"",_xlpm.x))) | S28: =IF(Table3[[#This Row],[Collector4]]="","", _xlfn.LET(_xlpm.x,VLOOKUP(Table3[[#This Row],[Collector4]],'Drop-down_menus'!$F$2:$G$16,2,FALSE),IF(_xlpm.x=0,"",_xlpm.x))) | T28: 64°19,242 | U28: 62°55,372 | V28: 64°19,199 | W28: 62°55,421 | X28: 5 | Y28: 20 | AA28: 152 | AB28: 170
A29: Melchior Island, North Omega | B29: https://data.aad.gov.au/aadc/gaz/scar/display_name.cfm?gaz_id=110104 | C29: DRM_1 | D29: =_xlfn.TEXTBEFORE(Table3[[#This Row],[eventID]],"_") -> DRM | E29: 45334 | G29: 0.38680556 | H29: 0.42847222 | I29: 09:17-03:00/10:17-03:00 | J29: 2024-02-12 | K29: =H29-G29 -> 0.041666667 | L29: Bruno Danis | P29: =IF(Table3[[#This Row],[Collector1]]="","", _xlfn.LET(_xlpm.x,VLOOKUP(Table3[[#This Row],[Collector1]],'Drop-down_menus'!$F$2:$G$16,2,FALSE),IF(_xlpm.x=0,"",_xlpm.x))) -> https://orcid.org/0000-0002-9037-7623 | Q29: =IF(Table3[[#This Row],[Collector2]]="","", _xlfn.LET(_xlpm.x,VLOOKUP(Table3[[#This Row],[Collector2]],'Drop-down_menus'!$F$2:$G$16,2,FALSE),IF(_xlpm.x=0,"",_xlpm.x))) | R29: =IF(Table3[[#This Row],[Collector3]]="","", _xlfn.LET(_xlpm.x,VLOOKUP(Table3[[#This Row],[Collector3]],'Drop-down_menus'!$F$2:$G$16,2,FALSE),IF(_xlpm.x=0,"",_xlpm.x))) | S29: =IF(Table3[[#This Row],[Collector4]]="","", _xlfn.LET(_xlpm.x,VLOOKUP(Table3[[#This Row],[Collector4]],'Drop-down_menus'!$F$2:$G$16,2,FALSE),IF(_xlpm.x=0,"",_xlpm.x))) | Z29: 40 | AC29: Flight Time: 45'
A30: Melchior Island, North Omega | B30: https://data.aad.gov.au/aadc/gaz/scar/display_name.cfm?gaz_id=110104 | C30: DIV_5 | D30: =_xlfn.TEXTBEFORE(Table3[[#This Row],[eventID]],"_") -> DIV | E30: 45335 | G30: 0.36944444 | H30: 0.40833333 | I30: 08:52-03:00/09:48-03:00 | J30: 2024-02-13 | K30: =H30-G30 -> 0.038888889 | L30: Martin Dogniez | M30: Anthony Voisin | P30: =IF(Table3[[#This Row],[Collector1]]="","", _xlfn.LET(_xlpm.x,VLOOKUP(Table3[[#This Row],[Collector1]],'Drop-down_menus'!$F$2:$G$16,2,FALSE),IF(_xlpm.x=0,"",_xlpm.x))) -> https://orcid.org/0000-0002-9708-1761 | Q30: =IF(Table3[[#This Row],[Collector2]]="","", _xlfn.LET(_xlpm.x,VLOOKUP(Table3[[#This Row],[Collector2]],'Drop-down_menus'!$F$2:$G$16,2,FALSE),IF(_xlpm.x=0,"",_xlpm.x))) -> https://orcid.org/0000-0003-3696-4445 | R30: =IF(Table3[[#This Row],[Collector3]]="","", _xlfn.LET(_xlpm.x,VLOOKUP(Table3[[#This Row],[Collector3]],'Drop-down_menus'!$F$2:$G$16,2,FALSE),IF(_xlpm.x=0,"",_xlpm.x))) | S30: =IF(Table3[[#This Row],[Collector4]]="","", _xlfn.LET(_xlpm.x,VLOOKUP(Table3[[#This Row],[Collector4]],'Drop-down_menus'!$F$2:$G$16,2,FALSE),IF(_xlpm.x=0,"",_xlpm.x))) | T30: 64°19,235 | U30: 62°55,418 | Y30: 21 | AA30: 543 | AC30: Trophic Transects
A31: Melchior Island, North Omega | B31: https://data.aad.gov.au/aadc/gaz/scar/display_name.cfm?gaz_id=110104 | C31: RD_2 | D31: =_xlfn.TEXTBEFORE(Table3[[#This Row],[eventID]],"_") -> RD | E31: 45335 | G31: 0.35416667 | H31: 0.36805556 | I31: 08:30-03:00/08:50-03:00 | J31: 2024-02-13 | K31: =H31-G31 -> 0.013888889 | L31: Henri Robert | P31: =IF(Table3[[#This Row],[Collector1]]="","", _xlfn.LET(_xlpm.x,VLOOKUP(Table3[[#This Row],[Collector1]],'Drop-down_menus'!$F$2:$G$16,2,FALSE),IF(_xlpm.x=0,"",_xlpm.x))) | Q31: =IF(Table3[[#This Row],[Collector2]]="","", _xlfn.LET(_xlpm.x,VLOOKUP(Table3[[#This Row],[Collector2]],'Drop-down_menus'!$F$2:$G$16,2,FALSE),IF(_xlpm.x=0,"",_xlpm.x))) | R31: =IF(Table3[[#This Row],[Collector3]]="","", _xlfn.LET(_xlpm.x,VLOOKUP(Table3[[#This Row],[Collector3]],'Drop-down_menus'!$F$2:$G$16,2,FALSE),IF(_xlpm.x=0,"",_xlpm.x))) | S31: =IF(Table3[[#This Row],[Collector4]]="","", _xlfn.LET(_xlpm.x,VLOOKUP(Table3[[#This Row],[Collector4]],'Drop-down_menus'!$F$2:$G$16,2,FALSE),IF(_xlpm.x=0,"",_xlpm.x))) | T31: 64°19,192 | U31: 62°55,034 | V31: 64°19,237 | W31: 62°55,062 | X31: 8 | Y31: 22 | AA31: 449 | AB31: 462
A32: Melchior Island, North Omega | B32: https://data.aad.gov.au/aadc/gaz/scar/display_name.cfm?gaz_id=110104 | C32: DIV_6 | D32: =_xlfn.TEXTBEFORE(Table3[[#This Row],[eventID]],"_") -> DIV | E32: 45335 | G32: 0.37152778 | H32: 0.40972222 | I32: 08:55-03:00/09:50-03:00 | J32: 2024-02-13 | K32: =H32-G32 -> 0.038194444 | L32: Camille Moreau | M32: Lucas Terrana | P32: =IF(Table3[[#This Row],[Collector1]]="","", _xlfn.LET(_xlpm.x,VLOOKUP(Table3[[#This Row],[Collector1]],'Drop-down_menus'!$F$2:$G$16,2,FALSE),IF(_xlpm.x=0,"",_xlpm.x))) -> https://orcid.org/0000-0002-0981-7442 | Q32: =IF(Table3[[#This Row],[Collector2]]="","", _xlfn.LET(_xlpm.x,VLOOKUP(Table3[[#This Row],[Collector2]],'Drop-down_menus'!$F$2:$G$16,2,FALSE),IF(_xlpm.x=0,"",_xlpm.x))) -> https://orcid.org/0000-0001-5767-3220 | R32: =IF(Table3[[#This Row],[Collector3]]="","", _xlfn.LET(_xlpm.x,VLOOKUP(Table3[[#This Row],[Collector3]],'Drop-down_menus'!$F$2:$G$16,2,FALSE),IF(_xlpm.x=0,"",_xlpm.x))) | S32: =IF(Table3[[#This Row],[Collector4]]="","", _xlfn.LET(_xlpm.x,VLOOKUP(Table3[[#This Row],[Collector4]],'Drop-down_menus'!$F$2:$G$16,2,FALSE),IF(_xlpm.x=0,"",_xlpm.x))) | T32: 64°19,235 | U32: 62°55,418 | Y32: 23 | AA32: 448 | AB32: 542 | AC32: Careful: samples 448, 541, 542. Video transects, ROV testing for Leaks
A33: Melchior Island, North Omega | B33: https://data.aad.gov.au/aadc/gaz/scar/display_name.cfm?gaz_id=110104 | C33: ROV_4 | D33: =_xlfn.TEXTBEFORE(Table3[[#This Row],[eventID]],"_") -> ROV | E33: 45335 | G33: 0.55486111 | H33: 0.56666667 | I33: 13:19-03:00/13:36-03:00 | J33: 2024-02-13 | K33: =H33-G33 -> 0.011805556 | L33: Lea Katz | M33: Henri Robert | P33: =IF(Table3[[#This Row],[Collector1]]="","", _xlfn.LET(_xlpm.x,VLOOKUP(Table3[[#This Row],[Collector1]],'Drop-down_menus'!$F$2:$G$16,2,FALSE),IF(_xlpm.x=0,"",_xlpm.x))) -> https://orcid.org/0000-0001-5748-602X | Q33: =IF(Table3[[#This Row],[Collector2]]="","", _xlfn.LET(_xlpm.x,VLOOKUP(Table3[[#This Row],[Collector2]],'Drop-down_menus'!$F$2:$G$16,2,FALSE),IF(_xlpm.x=0,"",_xlpm.x))) | R33: =IF(Table3[[#This Row],[Collector3]]="","", _xlfn.LET(_xlpm.x,VLOOKUP(Table3[[#This Row],[Collector3]],'Drop-down_menus'!$F$2:$G$16,2,FALSE),IF(_xlpm.x=0,"",_xlpm.x))) | S33: =IF(Table3[[#This Row],[Collector4]]="","", _xlfn.LET(_xlpm.x,VLOOKUP(Table3[[#This Row],[Collector4]],'Drop-down_menus'!$F$2:$G$16,2,FALSE),IF(_xlpm.x=0,"",_xlpm.x))) | T33: 64°19,235 | U33: 62°55,418 | X33: 5 | Y33: 22 | AA33: 445 | AC33: Redo of DIV6 Test transect
A34: Melchior Island, North Omega | B34: https://data.aad.gov.au/aadc/gaz/scar/display_name.cfm?gaz_id=110104 | C34: DIV_7 | D34: =_xlfn.TEXTBEFORE(Table3[[#This Row],[eventID]],"_") -> DIV | E34: 45335 | G34: 0.64236111 | H34: 0.67708333 | I34: 15:25-03:00/16:15-03:00 | J34: 2024-02-13 | K34: =H34-G34 -> 0.034722222 | L34: Camille Moreau | M34: Lucas Terrana | P34: =IF(Table3[[#This Row],[Collector1]]="","", _xlfn.LET(_xlpm.x,VLOOKUP(Table3[[#This Row],[Collector1]],'Drop-down_menus'!$F$2:$G$16,2,FALSE),IF(_xlpm.x=0,"",_xlpm.x))) -> https://orcid.org/0000-0002-0981-7442 | Q34: =IF(Table3[[#This Row],[Collector2]]="","", _xlfn.LET(_xlpm.x,VLOOKUP(Table3[[#This Row],[Collector2]],'Drop-down_menus'!$F$2:$G$16,2,FALSE),IF(_xlpm.x=0,"",_xlpm.x))) -> https://orcid.org/0000-0001-5767-3220 | R34: =IF(Table3[[#This Row],[Collector3]]="","", _xlfn.LET(_xlpm.x,VLOOKUP(Table3[[#This Row],[Collector3]],'Drop-down_menus'!$F$2:$G$16,2,FALSE),IF(_xlpm.x=0,"",_xlpm.x))) | S34: =IF(Table3[[#This Row],[Collector4]]="","", _xlfn.LET(_xlpm.x,VLOOKUP(Table3[[#This Row],[Collector4]],'Drop-down_menus'!$F$2:$G$16,2,FALSE),IF(_xlpm.x=0,"",_xlpm.x))) | T34: 64°19,235 | U34: 62°55,418 | Y34: 21 | AA34: 441 | AB34: 444 | AC34: Meiofauna cores
A35: Melchior Island, North Omega | B35: https://data.aad.gov.au/aadc/gaz/scar/display_name.cfm?gaz_id=110104 | C35: NIS_17 | D35: =_xlfn.TEXTBEFORE(Table3[[#This Row],[eventID]],"_") -> NIS | E35: 45335 | G35: 0.60416667 | I35: 14:30-03:00 | J35: 2024-02-13 | L35: Axelle Brusselman | P35: =IF(Table3[[#This Row],[Collector1]]="","", _xlfn.LET(_xlpm.x,VLOOKUP(Table3[[#This Row],[Collector1]],'Drop-down_menus'!$F$2:$G$16,2,FALSE),IF(_xlpm.x=0,"",_xlpm.x))) -> https://orcid.org/0009-0002-6669-2911 | Q35: =IF(Table3[[#This Row],[Collector2]]="","", _xlfn.LET(_xlpm.x,VLOOKUP(Table3[[#This Row],[Collector2]],'Drop-down_menus'!$F$2:$G$16,2,FALSE),IF(_xlpm.x=0,"",_xlpm.x))) | R35: =IF(Table3[[#This Row],[Collector3]]="","", _xlfn.LET(_xlpm.x,VLOOKUP(Table3[[#This Row],[Collector3]],'Drop-down_menus'!$F$2:$G$16,2,FALSE),IF(_xlpm.x=0,"",_xlpm.x))) | S35: =IF(Table3[[#This Row],[Collector4]]="","", _xlfn.LET(_xlpm.x,VLOOKUP(Table3[[#This Row],[Collector4]],'Drop-down_menus'!$F$2:$G$16,2,FALSE),IF(_xlpm.x=0,"",_xlpm.x))) | T35: 64°19,235 | U35: 62°55,418 | AA35: 494 | AB35: 525
A36: Melchior Island, North Omega | B36: https://data.aad.gov.au/aadc/gaz/scar/display_name.cfm?gaz_id=110104 | C36: INC_1 | D36: =_xlfn.TEXTBEFORE(Table3[[#This Row],[eventID]],"_") -> INC | E36: 45335 | F36: 45336 | G36: 0.25 | H36: 0.33333333 | J36: 2024-02-13T06:00-03:00/2024-02-14T08:00-03:00 | K36: =-((E36+G36)-(F36+H36))*24 -> 26 | L36: Axelle Brusselman | P36: =IF(Table3[[#This Row],[Collector1]]="","", _xlfn.LET(_xlpm.x,VLOOKUP(Table3[[#This Row],[Collector1]],'Drop-down_menus'!$F$2:$G$16,2,FALSE),IF(_xlpm.x=0,"",_xlpm.x))) -> https://orcid.org/0009-0002-6669-2911 | Q36: =IF(Table3[[#This Row],[Collector2]]="","", _xlfn.LET(_xlpm.x,VLOOKUP(Table3[[#This Row],[Collector2]],'Drop-down_menus'!$F$2:$G$16,2,FALSE),IF(_xlpm.x=0,"",_xlpm.x))) | R36: =IF(Table3[[#This Row],[Collector3]]="","", _xlfn.LET(_xlpm.x,VLOOKUP(Table3[[#This Row],[Collector3]],'Drop-down_menus'!$F$2:$G$16,2,FALSE),IF(_xlpm.x=0,"",_xlpm.x))) | S36: =IF(Table3[[#This Row],[Collector4]]="","", _xlfn.LET(_xlpm.x,VLOOKUP(Table3[[#This Row],[Collector4]],'Drop-down_menus'!$F$2:$G$16,2,FALSE),IF(_xlpm.x=0,"",_xlpm.x))) | T36: 64°19,235 | U36: 62°55,418 | X36: 0 | Y36: 17 | AA36: 526 | AB36: 540 | AC36: 13C Incubations
A37: Melchior Island, North Omega | B37: https://data.aad.gov.au/aadc/gaz/scar/display_name.cfm?gaz_id=110104 | C37: ROV_5 | D37: =_xlfn.TEXTBEFORE(Table3[[#This Row],[eventID]],"_") -> ROV | E37: 45335 | G37: 0.66666667 | H37: 0.6875 | I37: 16:00-03:00/16:30-03:00 | J37: 2024-02-13 | K37: =H37-G37 -> 0.020833333 | L37: Lea Katz | M37: Henri Robert | P37: =IF(Table3[[#This Row],[Collector1]]="","", _xlfn.LET(_xlpm.x,VLOOKUP(Table3[[#This Row],[Collector1]],'Drop-down_menus'!$F$2:$G$16,2,FALSE),IF(_xlpm.x=0,"",_xlpm.x))) -> https://orcid.org/0000-0001-5748-602X | Q37: =IF(Table3[[#This Row],[Collector2]]="","", _xlfn.LET(_xlpm.x,VLOOKUP(Table3[[#This Row],[Collector2]],'Drop-down_menus'!$F$2:$G$16,2,FALSE),IF(_xlpm.x=0,"",_xlpm.x))) | R37: =IF(Table3[[#This Row],[Collector3]]="","", _xlfn.LET(_xlpm.x,VLOOKUP(Table3[[#This Row],[Collector3]],'Drop-down_menus'!$F$2:$G$16,2,FALSE),IF(_xlpm.x=0,"",_xlpm.x))) | S37: =IF(Table3[[#This Row],[Collector4]]="","", _xlfn.LET(_xlpm.x,VLOOKUP(Table3[[#This Row],[Collector4]],'Drop-down_menus'!$F$2:$G$16,2,FALSE),IF(_xlpm.x=0,"",_xlpm.x))) | T37: 64°19,235 | U37: 62°55,418 | X37: 5 | Y37: 20 | AA37: 446 | AB37: 447 | AC37: 2 transects, Leak detected
A38: Melchior Island, North Omega | B38: https://data.aad.gov.au/aadc/gaz/scar/display_name.cfm?gaz_id=110104 | C38: RD_3 | D38: =_xlfn.TEXTBEFORE(Table3[[#This Row],[eventID]],"_") -> RD | E38: 45336 | G38: 0.34722222 | H38: 0.36111111 | I38: 08:20-03:00/08:40-03:00 | J38: 2024-02-14 | K38: =H38-G38 -> 0.013888889 | L38: Henri Robert | P38: =IF(Table3[[#This Row],[Collector1]]="","", _xlfn.LET(_xlpm.x,VLOOKUP(Table3[[#This Row],[Collector1]],'Drop-down_menus'!$F$2:$G$16,2,FALSE),IF(_xlpm.x=0,"",_xlpm.x))) | Q38: =IF(Table3[[#This Row],[Collector2]]="","", _xlfn.LET(_xlpm.x,VLOOKUP(Table3[[#This Row],[Collector2]],'Drop-down_menus'!$F$2:$G$16,2,FALSE),IF(_xlpm.x=0,"",_xlpm.x))) | R38: =IF(Table3[[#This Row],[Collector3]]="","", _xlfn.LET(_xlpm.x,VLOOKUP(Table3[[#This Row],[Collector3]],'Drop-down_menus'!$F$2:$G$16,2,FALSE),IF(_xlpm.x=0,"",_xlpm.x))) | S38: =IF(Table3[[#This Row],[Collector4]]="","", _xlfn.LET(_xlpm.x,VLOOKUP(Table3[[#This Row],[Collector4]],'Drop-down_menus'!$F$2:$G$16,2,FALSE),IF(_xlpm.x=0,"",_xlpm.x))) | T38: 64°19,198 | U38: 62°55,115 | V38: 64°19,164 | W38: 62°54,881 | X38: 18 | Y38: 22 | AA38: 727 | AB38: 740
A39: Melchior Island, South Omega | B39: https://data.aad.gov.au/aadc/gaz/scar/display_name.cfm?gaz_id=110104 | C39: DIV_8 | D39: =_xlfn.TEXTBEFORE(Table3[[#This Row],[eventID]],"_") -> DIV | E39: 45336 | G39: 0.44097222 | H39: 0.47152778 | I39: 10:35-03:00/11:19-03:00 | J39: 2024-02-14 | K39: =H39-G39 -> 0.030555556 | L39: Lea Katz | M39: Martin Dogniez | P39: =IF(Table3[[#This Row],[Collector1]]="","", _xlfn.LET(_xlpm.x,VLOOKUP(Table3[[#This Row],[Collector1]],'Drop-down_menus'!$F$2:$G$16,2,FALSE),IF(_xlpm.x=0,"",_xlpm.x))) -> https://orcid.org/0000-0001-5748-602X | Q39: =IF(Table3[[#This Row],[Collector2]]="","", _xlfn.LET(_xlpm.x,VLOOKUP(Table3[[#This Row],[Collector2]],'Drop-down_menus'!$F$2:$G$16,2,FALSE),IF(_xlpm.x=0,"",_xlpm.x))) -> https://orcid.org/0000-0002-9708-1761 | R39: =IF(Table3[[#This Row],[Collector3]]="","", _xlfn.LET(_xlpm.x,VLOOKUP(Table3[[#This Row],[Collector3]],'Drop-down_menus'!$F$2:$G$16,2,FALSE),IF(_xlpm.x=0,"",_xlpm.x))) | S39: =IF(Table3[[#This Row],[Collector4]]="","", _xlfn.LET(_xlpm.x,VLOOKUP(Table3[[#This Row],[Collector4]],'Drop-down_menus'!$F$2:$G$16,2,FALSE),IF(_xlpm.x=0,"",_xlpm.x))) | T39: 64°20,4257 | U39: 62°57,0102 | Y39: 29 | AA39: 741 | AC39: Sea urchins Survey
A40: Melchior Island, South Omega | B40: https://data.aad.gov.au/aadc/gaz/scar/display_name.cfm?gaz_id=110104 | C40: ROV_6 | D40: =_xlfn.TEXTBEFORE(Table3[[#This Row],[eventID]],"_") -> ROV | E40: 45336 | G40: 0.59722222 | H40: 0.60416667 | I40: 14:20-03:00/14:30-03:00 | J40: 2024-02-14 | K40: =H40-G40 -> 0.0069444444 | L40: Lea Katz | M40: Henri Robert | P40: =IF(Table3[[#This Row],[Collector1]]="","", _xlfn.LET(_xlpm.x,VLOOKUP(Table3[[#This Row],[Collector1]],'Drop-down_menus'!$F$2:$G$16,2,FALSE),IF(_xlpm.x=0,"",_xlpm.x))) -> https://orcid.org/0000-0001-5748-602X | Q40: =IF(Table3[[#This Row],[Collector2]]="","", _xlfn.LET(_xlpm.x,VLOOKUP(Table3[[#This Row],[Collector2]],'Drop-down_menus'!$F$2:$G$16,2,FALSE),IF(_xlpm.x=0,"",_xlpm.x))) | R40: =IF(Table3[[#This Row],[Collector3]]="","", _xlfn.LET(_xlpm.x,VLOOKUP(Table3[[#This Row],[Collector3]],'Drop-down_menus'!$F$2:$G$16,2,FALSE),IF(_xlpm.x=0,"",_xlpm.x))) | S40: =IF(Table3[[#This Row],[Collector4]]="","", _xlfn.LET(_xlpm.x,VLOOKUP(Table3[[#This Row],[Collector4]],'Drop-down_menus'!$F$2:$G$16,2,FALSE),IF(_xlpm.x=0,"",_xlpm.x))) | T40: 64°20,4257 | U40: 62°57,0102 | AA40: 823 | AB40: 825 | AC40: Leak detected
A41: Melchior Island, South Omega | B41: https://data.aad.gov.au/aadc/gaz/scar/display_name.cfm?gaz_id=110104 | C41: AT_2 | D41: =_xlfn.TEXTBEFORE(Table3[[#This Row],[eventID]],"_") -> AT | E41: 45336 | F41: 45338 | G41: 0.72916667 | H41: 0.64583333 | J41: 2024-02-14T17:30-03:00/2024-02-16T15:30-03:00 | K41: =-((E41+G41)-(F41+H41))*24 -> 46 | L41: Henri Robert | P41: =IF(Table3[[#This Row],[Collector1]]="","", _xlfn.LET(_xlpm.x,VLOOKUP(Table3[[#This Row],[Collector1]],'Drop-down_menus'!$F$2:$G$16,2,FALSE),IF(_xlpm.x=0,"",_xlpm.x))) | Q41: =IF(Table3[[#This Row],[Collector2]]="","", _xlfn.LET(_xlpm.x,VLOOKUP(Table3[[#This Row],[Collector2]],'Drop-down_menus'!$F$2:$G$16,2,FALSE),IF(_xlpm.x=0,"",_xlpm.x))) | R41: =IF(Table3[[#This Row],[Collector3]]="","", _xlfn.LET(_xlpm.x,VLOOKUP(Table3[[#This Row],[Collector3]],'Drop-down_menus'!$F$2:$G$16,2,FALSE),IF(_xlpm.x=0,"",_xlpm.x))) | S41: =IF(Table3[[#This Row],[Collector4]]="","", _xlfn.LET(_xlpm.x,VLOOKUP(Table3[[#This Row],[Collector4]],'Drop-down_menus'!$F$2:$G$16,2,FALSE),IF(_xlpm.x=0,"",_xlpm.x))) | T41: 64°20,288 | U41: 62°56,675 | AA41: 782 | AB41: 822 | AC41: Delayed
A42: Melchior Island, South Omega | B42: https://data.aad.gov.au/aadc/gaz/scar/display_name.cfm?gaz_id=110104 | C42: DIV_9 | D42: =_xlfn.TEXTBEFORE(Table3[[#This Row],[eventID]],"_") -> DIV | E42: 45336 | G42: 0.42569444 | H42: 0.45 | I42: 10:13-03:00/10:48-03:00 | J42: 2024-02-14 | K42: =H42-G42 -> 0.024305556 | L42: Lucas Terrana | M42: Camille Moreau | P42: =IF(Table3[[#This Row],[Collector1]]="","", _xlfn.LET(_xlpm.x,VLOOKUP(Table3[[#This Row],[Collector1]],'Drop-down_menus'!$F$2:$G$16,2,FALSE),IF(_xlpm.x=0,"",_xlpm.x))) -> https://orcid.org/0000-0001-5767-3220 | Q42: =IF(Table3[[#This Row],[Collector2]]="","", _xlfn.LET(_xlpm.x,VLOOKUP(Table3[[#This Row],[Collector2]],'Drop-down_menus'!$F$2:$G$16,2,FALSE),IF(_xlpm.x=0,"",_xlpm.x))) -> https://orcid.org/0000-0002-0981-7442 | R42: =IF(Table3[[#This Row],[Collector3]]="","", _xlfn.LET(_xlpm.x,VLOOKUP(Table3[[#This Row],[Collector3]],'Drop-down_menus'!$F$2:$G$16,2,FALSE),IF(_xlpm.x=0,"",_xlpm.x))) | S42: =IF(Table3[[#This Row],[Collector4]]="","", _xlfn.LET(_xlpm.x,VLOOKUP(Table3[[#This Row],[Collector4]],'Drop-down_menus'!$F$2:$G$16,2,FALSE),IF(_xlpm.x=0,"",_xlpm.x))) | T42: 64°20,4257 | U42: 62°57,0102 | Y42: 23 | AA42: 829 | AB42: 834 | AC42: Cores
A43: Melchior Island, South Omega | B43: https://data.aad.gov.au/aadc/gaz/scar/display_name.cfm?gaz_id=110104 | C43: DIV_10 | D43: =_xlfn.TEXTBEFORE(Table3[[#This Row],[eventID]],"_") -> DIV | E43: 45336 | G43: 0.64166667 | H43: 0.67291667 | I43: 15:24-03:00/16:09-03:00 | J43: 2024-02-14 | K43: =H43-G43 -> 0.03125 | L43: Martin Dogniez | M43: Lucas Terrana | N43: Camille Moreau | P43: =IF(Table3[[#This Row],[Collector1]]="","", _xlfn.LET(_xlpm.x,VLOOKUP(Table3[[#This Row],[Collector1]],'Drop-down_menus'!$F$2:$G$16,2,FALSE),IF(_xlpm.x=0,"",_xlpm.x))) -> https://orcid.org/0000-0002-9708-1761 | Q43: =IF(Table3[[#This Row],[Collector2]]="","", _xlfn.LET(_xlpm.x,VLOOKUP(Table3[[#This Row],[Collector2]],'Drop-down_menus'!$F$2:$G$16,2,FALSE),IF(_xlpm.x=0,"",_xlpm.x))) -> https://orcid.org/0000-0001-5767-3220 | R43: =IF(Table3[[#This Row],[Collector3]]="","", _xlfn.LET(_xlpm.x,VLOOKUP(Table3[[#This Row],[Collector3]],'Drop-down_menus'!$F$2:$G$16,2,FALSE),IF(_xlpm.x=0,"",_xlpm.x))) -> https://orcid.org/0000-0002-0981-7442 | S43: =IF(Table3[[#This Row],[Collector4]]="","", _xlfn.LET(_xlpm.x,VLOOKUP(Table3[[#This Row],[Collector4]],'Drop-down_menus'!$F$2:$G$16,2,FALSE),IF(_xlpm.x=0,"",_xlpm.x))) | T43: 64°20,2488 | U43: 62°57,4466 | V43: 64°20,2384 | W43: 62°57,4618 | Y43: 30 | AA43: 742 | AB43: 781 | AC43: Sea urchins Survey
A44: Melchior Island, South Omega | B44: https://data.aad.gov.au/aadc/gaz/scar/display_name.cfm?gaz_id=110104 | C44: NIS_19 | D44: =_xlfn.TEXTBEFORE(Table3[[#This Row],[eventID]],"_") -> NIS | E44: 45336 | G44: 0.66041667 | H44: 0.66388889 | I44: 15:51-03:00/15:56-03:00 | J44: 2024-02-14 | K44: =H44-G44 -> 0.0034722222 | L44: Axelle Brusselman | M44: Manon Bayat | P44: =IF(Table3[[#This Row],[Collector1]]="","", _xlfn.LET(_xlpm.x,VLOOKUP(Table3[[#This Row],[Collector1]],'Drop-down_menus'!$F$2:$G$16,2,FALSE),IF(_xlpm.x=0,"",_xlpm.x))) -> https://orcid.org/0009-0002-6669-2911 | Q44: =IF(Table3[[#This Row],[Collector2]]="","", _xlfn.LET(_xlpm.x,VLOOKUP(Table3[[#This Row],[Collector2]],'Drop-down_menus'!$F$2:$G$16,2,FALSE),IF(_xlpm.x=0,"",_xlpm.x))) | R44: =IF(Table3[[#This Row],[Collector3]]="","", _xlfn.LET(_xlpm.x,VLOOKUP(Table3[[#This Row],[Collector3]],'Drop-down_menus'!$F$2:$G$16,2,FALSE),IF(_xlpm.x=0,"",_xlpm.x))) | S44: =IF(Table3[[#This Row],[Collector4]]="","", _xlfn.LET(_xlpm.x,VLOOKUP(Table3[[#This Row],[Collector4]],'Drop-down_menus'!$F$2:$G$16,2,FALSE),IF(_xlpm.x=0,"",_xlpm.x))) | Y44: 0 | AA44: 835 | AB44: 841 | AD44: 64.338114 | AE44: 62.942048
A45: Melchior Island, South Omega | B45: https://data.aad.gov.au/aadc/gaz/scar/display_name.cfm?gaz_id=110104 | C45: NIS_20 | D45: =_xlfn.TEXTBEFORE(Table3[[#This Row],[eventID]],"_") -> NIS | E45: 45336 | G45: 0.66666667 | H45: 0.67013889 | I45: 16:00-03:00/16:05-03:00 | J45: 2024-02-14 | K45: =H45-G45 -> 0.0034722222 | L45: Axelle Brusselman | M45: Manon Bayat | P45: =IF(Table3[[#This Row],[Collector1]]="","", _xlfn.LET(_xlpm.x,VLOOKUP(Table3[[#This Row],[Collector1]],'Drop-down_menus'!$F$2:$G$16,2,FALSE),IF(_xlpm.x=0,"",_xlpm.x))) -> https://orcid.org/0009-0002-6669-2911 | Q45: =IF(Table3[[#This Row],[Collector2]]="","", _xlfn.LET(_xlpm.x,VLOOKUP(Table3[[#This Row],[Collector2]],'Drop-down_menus'!$F$2:$G$16,2,FALSE),IF(_xlpm.x=0,"",_xlpm.x))) | R45: =IF(Table3[[#This Row],[Collector3]]="","", _xlfn.LET(_xlpm.x,VLOOKUP(Table3[[#This Row],[Collector3]],'Drop-down_menus'!$F$2:$G$16,2,FALSE),IF(_xlpm.x=0,"",_xlpm.x))) | S45: =IF(Table3[[#This Row],[Collector4]]="","", _xlfn.LET(_xlpm.x,VLOOKUP(Table3[[#This Row],[Collector4]],'Drop-down_menus'!$F$2:$G$16,2,FALSE),IF(_xlpm.x=0,"",_xlpm.x))) | Y45: 0 | AA45: 842 | AB45: 848 | AD45: 64.337592 | AE45: 62.943357
A46: Melchior Island, South Omega | B46: https://data.aad.gov.au/aadc/gaz/scar/display_name.cfm?gaz_id=110104 | C46: NIS_21 | D46: =_xlfn.TEXTBEFORE(Table3[[#This Row],[eventID]],"_") -> NIS | E46: 45336 | G46: 0.67152778 | H46: 0.675 | I46: 16:07-03:00/16:12-03:00 | J46: 2024-02-14 | K46: =H46-G46 -> 0.0034722222 | L46: Axelle Brusselman | M46: Manon Bayat | P46: =IF(Table3[[#This Row],[Collector1]]="","", _xlfn.LET(_xlpm.x,VLOOKUP(Table3[[#This Row],[Collector1]],'Drop-down_menus'!$F$2:$G$16,2,FALSE),IF(_xlpm.x=0,"",_xlpm.x))) -> https://orcid.org/0009-0002-6669-2911 | Q46: =IF(Table3[[#This Row],[Collector2]]="","", _xlfn.LET(_xlpm.x,VLOOKUP(Table3[[#This Row],[Collector2]],'Drop-down_menus'!$F$2:$G$16,2,FALSE),IF(_xlpm.x=0,"",_xlpm.x))) | R46: =IF(Table3[[#This Row],[Collector3]]="","", _xlfn.LET(_xlpm.x,VLOOKUP(Table3[[#This Row],[Collector3]],'Drop-down_menus'!$F$2:$G$16,2,FALSE),IF(_xlpm.x=0,"",_xlpm.x))) | S46: =IF(Table3[[#This Row],[Collector4]]="","", _xlfn.LET(_xlpm.x,VLOOKUP(Table3[[#This Row],[Collector4]],'Drop-down_menus'!$F$2:$G$16,2,FALSE),IF(_xlpm.x=0,"",_xlpm.x))) | Y46: 0 | AA46: 849 | AB46: 855 | AD46: 64.336912 | AE46: 62.944378
A47: Melchior Island, South Omega | B47: https://data.aad.gov.au/aadc/gaz/scar/display_name.cfm?gaz_id=110104 | C47: NIS_22 | D47: =_xlfn.TEXTBEFORE(Table3[[#This Row],[eventID]],"_") -> NIS | E47: 45336 | G47: 0.68055556 | H47: 0.68402778 | I47: 16:20-03:00/16:25-03:00 | J47: 2024-02-14 | K47: =H47-G47 -> 0.0034722222 | L47: Axelle Brusselman | M47: Manon Bayat | P47: =IF(Table3[[#This Row],[Collector1]]="","", _xlfn.LET(_xlpm.x,VLOOKUP(Table3[[#This Row],[Collector1]],'Drop-down_menus'!$F$2:$G$16,2,FALSE),IF(_xlpm.x=0,"",_xlpm.x))) -> https://orcid.org/0009-0002-6669-2911 | Q47: =IF(Table3[[#This Row],[Collector2]]="","", _xlfn.LET(_xlpm.x,VLOOKUP(Table3[[#This Row],[Collector2]],'Drop-down_menus'!$F$2:$G$16,2,FALSE),IF(_xlpm.x=0,"",_xlpm.x))) | R47: =IF(Table3[[#This Row],[Collector3]]="","", _xlfn.LET(_xlpm.x,VLOOKUP(Table3[[#This Row],[Collector3]],'Drop-down_menus'!$F$2:$G$16,2,FALSE),IF(_xlpm.x=0,"",_xlpm.x))) | S47: =IF(Table3[[#This Row],[Collector4]]="","", _xlfn.LET(_xlpm.x,VLOOKUP(Table3[[#This Row],[Collector4]],'Drop-down_menus'!$F$2:$G$16,2,FALSE),IF(_xlpm.x=0,"",_xlpm.x))) | Y47: 0 | AA47: 856 | AB47: 862 | AD47: 64.338719 | AE47: 62.946636
A48: Melchior Island, South Omega | B48: https://data.aad.gov.au/aadc/gaz/scar/display_name.cfm?gaz_id=110104 | C48: NIS_23 | D48: =_xlfn.TEXTBEFORE(Table3[[#This Row],[eventID]],"_") -> NIS | E48: 45336 | G48: 0.6875 | H48: 0.69097222 | I48: 16:30-03:00/16:35-03:00 | J48: 2024-02-14 | K48: =H48-G48 -> 0.0034722222 | L48: Axelle Brusselman | M48: Manon Bayat | P48: =IF(Table3[[#This Row],[Collector1]]="","", _xlfn.LET(_xlpm.x,VLOOKUP(Table3[[#This Row],[Collector1]],'Drop-down_menus'!$F$2:$G$16,2,FALSE),IF(_xlpm.x=0,"",_xlpm.x))) -> https://orcid.org/0009-0002-6669-2911 | Q48: =IF(Table3[[#This Row],[Collector2]]="","", _xlfn.LET(_xlpm.x,VLOOKUP(Table3[[#This Row],[Collector2]],'Drop-down_menus'!$F$2:$G$16,2,FALSE),IF(_xlpm.x=0,"",_xlpm.x))) | R48: =IF(Table3[[#This Row],[Collector3]]="","", _xlfn.LET(_xlpm.x,VLOOKUP(Table3[[#This Row],[Collector3]],'Drop-down_menus'!$F$2:$G$16,2,FALSE),IF(_xlpm.x=0,"",_xlpm.x))) | S48: =IF(Table3[[#This Row],[Collector4]]="","", _xlfn.LET(_xlpm.x,VLOOKUP(Table3[[#This Row],[Collector4]],'Drop-down_menus'!$F$2:$G$16,2,FALSE),IF(_xlpm.x=0,"",_xlpm.x))) | Y48: 0 | AA48: 863 | AB48: 869 | AD48: 64.338943 | AE48: 62.962942
A49: Melchior Island, South Omega | B49: https://data.aad.gov.au/aadc/gaz/scar/display_name.cfm?gaz_id=110104 | C49: NIS_24 | D49: =_xlfn.TEXTBEFORE(Table3[[#This Row],[eventID]],"_") -> NIS | E49: 45336 | G49: 0.69444444 | H49: 0.69791667 | I49: 16:40-03:00/16:45-03:00 | J49: 2024-02-14 | K49: =H49-G49 -> 0.0034722222 | L49: Axelle Brusselman | M49: Manon Bayat | P49: =IF(Table3[[#This Row],[Collector1]]="","", _xlfn.LET(_xlpm.x,VLOOKUP(Table3[[#This Row],[Collector1]],'Drop-down_menus'!$F$2:$G$16,2,FALSE),IF(_xlpm.x=0,"",_xlpm.x))) -> https://orcid.org/0009-0002-6669-2911 | Q49: =IF(Table3[[#This Row],[Collector2]]="","", _xlfn.LET(_xlpm.x,VLOOKUP(Table3[[#This Row],[Collector2]],'Drop-down_menus'!$F$2:$G$16,2,FALSE),IF(_xlpm.x=0,"",_xlpm.x))) | R49: =IF(Table3[[#This Row],[Collector3]]="","", _xlfn.LET(_xlpm.x,VLOOKUP(Table3[[#This Row],[Collector3]],'Drop-down_menus'!$F$2:$G$16,2,FALSE),IF(_xlpm.x=0,"",_xlpm.x))) | S49: =IF(Table3[[#This Row],[Collector4]]="","", _xlfn.LET(_xlpm.x,VLOOKUP(Table3[[#This Row],[Collector4]],'Drop-down_menus'!$F$2:$G$16,2,FALSE),IF(_xlpm.x=0,"",_xlpm.x))) | Y49: 0 | AA49: 870 | AB49: 876 | AD49: 64.3389 | AE49: 62.953002
A50: Melchior Island, South Omega | B50: https://data.aad.gov.au/aadc/gaz/scar/display_name.cfm?gaz_id=110104 | C50: NIS_25 | D50: =_xlfn.TEXTBEFORE(Table3[[#This Row],[eventID]],"_") -> NIS | E50: 45336 | G50: 0.69930556 | H50: 0.70277778 | I50: 16:47-03:00/16:52-03:00 | J50: 2024-02-14 | K50: =H50-G50 -> 0.0034722222 | L50: Axelle Brusselman | M50: Manon Bayat | P50: =IF(Table3[[#This Row],[Collector1]]="","", _xlfn.LET(_xlpm.x,VLOOKUP(Table3[[#This Row],[Collector1]],'Drop-down_menus'!$F$2:$G$16,2,FALSE),IF(_xlpm.x=0,"",_xlpm.x))) -> https://orcid.org/0009-0002-6669-2911 | Q50: =IF(Table3[[#This Row],[Collector2]]="","", _xlfn.LET(_xlpm.x,VLOOKUP(Table3[[#This Row],[Collector2]],'Drop-down_menus'!$F$2:$G$16,2,FALSE),IF(_xlpm.x=0,"",_xlpm.x))) | R50: =IF(Table3[[#This Row],[Collector3]]="","", _xlfn.LET(_xlpm.x,VLOOKUP(Table3[[#This Row],[Collector3]],'Drop-down_menus'!$F$2:$G$16,2,FALSE),IF(_xlpm.x=0,"",_xlpm.x))) | S50: =IF(Table3[[#This Row],[Collector4]]="","", _xlfn.LET(_xlpm.x,VLOOKUP(Table3[[#This Row],[Collector4]],'Drop-down_menus'!$F$2:$G$16,2,FALSE),IF(_xlpm.x=0,"",_xlpm.x))) | Y50: 0 | AA50: 877 | AB50: 883 | AD50: 64.338494 | AE50: 62.949796
A51: Melchior Island, South Omega | B51: https://data.aad.gov.au/aadc/gaz/scar/display_name.cfm?gaz_id=110104 | C51: NIS_26 | D51: =_xlfn.TEXTBEFORE(Table3[[#This Row],[eventID]],"_") -> NIS | E51: 45336 | G51: 0.73819444 | H51: 0.74166667 | I51: 17:43-03:00/17:48-03:00 | J51: 2024-02-14 | K51: =H51-G51 -> 0.0034722222 | L51: Axelle Brusselman | M51: Manon Bayat | P51: =IF(Table3[[#This Row],[Collector1]]="","", _xlfn.LET(_xlpm.x,VLOOKUP(Table3[[#This Row],[Collector1]],'Drop-down_menus'!$F$2:$G$16,2,FALSE),IF(_xlpm.x=0,"",_xlpm.x))) -> https://orcid.org/0009-0002-6669-2911 | Q51: =IF(Table3[[#This Row],[Collector2]]="","", _xlfn.LET(_xlpm.x,VLOOKUP(Table3[[#This Row],[Collector2]],'Drop-down_menus'!$F$2:$G$16,2,FALSE),IF(_xlpm.x=0,"",_xlpm.x))) | R51: =IF(Table3[[#This Row],[Collector3]]="","", _xlfn.LET(_xlpm.x,VLOOKUP(Table3[[#This Row],[Collector3]],'Drop-down_menus'!$F$2:$G$16,2,FALSE),IF(_xlpm.x=0,"",_xlpm.x))) | S51: =IF(Table3[[#This Row],[Collector4]]="","", _xlfn.LET(_xlpm.x,VLOOKUP(Table3[[#This Row],[Collector4]],'Drop-down_menus'!$F$2:$G$16,2,FALSE),IF(_xlpm.x=0,"",_xlpm.x))) | Y51: 0 | AA51: 884 | AB51: 890 | AD51: 64.338843 | AE51: 62.945368
A52: Melchior Island, South Omega | B52: https://data.aad.gov.au/aadc/gaz/scar/display_name.cfm?gaz_id=110104 | C52: NIS_27 | D52: =_xlfn.TEXTBEFORE(Table3[[#This Row],[eventID]],"_") -> NIS | E52: 45336 | G52: 0.74930556 | H52: 0.75277778 | I52: 17:59-03:00/18:04-03:00 | J52: 2024-02-14 | K52: =H52-G52 -> 0.0034722222 | L52: Axelle Brusselman | M52: Manon Bayat | P52: =IF(Table3[[#This Row],[Collector1]]="","", _xlfn.LET(_xlpm.x,VLOOKUP(Table3[[#This Row],[Collector1]],'Drop-down_menus'!$F$2:$G$16,2,FALSE),IF(_xlpm.x=0,"",_xlpm.x))) -> https://orcid.org/0009-0002-6669-2911 | Q52: =IF(Table3[[#This Row],[Collector2]]="","", _xlfn.LET(_xlpm.x,VLOOKUP(Table3[[#This Row],[Collector2]],'Drop-down_menus'!$F$2:$G$16,2,FALSE),IF(_xlpm.x=0,"",_xlpm.x))) | R52: =IF(Table3[[#This Row],[Collector3]]="","", _xlfn.LET(_xlpm.x,VLOOKUP(Table3[[#This Row],[Collector3]],'Drop-down_menus'!$F$2:$G$16,2,FALSE),IF(_xlpm.x=0,"",_xlpm.x))) | S52: =IF(Table3[[#This Row],[Collector4]]="","", _xlfn.LET(_xlpm.x,VLOOKUP(Table3[[#This Row],[Collector4]],'Drop-down_menus'!$F$2:$G$16,2,FALSE),IF(_xlpm.x=0,"",_xlpm.x))) | Y52: 0 | AA52: 891 | AB52: 897 | AC52: Big Runoff | AD52: 64.336832 | AE52: 62.940458
A53: Melchior Island, South Omega | B53: https://data.aad.gov.au/aadc/gaz/scar/display_name.cfm?gaz_id=110104 | C53: NIS_28 | D53: =_xlfn.TEXTBEFORE(Table3[[#This Row],[eventID]],"_") -> NIS | E53: 45336 | G53: 0.75625 | H53: 0.75972222 | I53: 18:09-03:00/18:14-03:00 | J53: 2024-02-14 | K53: =H53-G53 -> 0.0034722222 | L53: Axelle Brusselman | M53: Manon Bayat | P53: =IF(Table3[[#This Row],[Collector1]]="","", _xlfn.LET(_xlpm.x,VLOOKUP(Table3[[#This Row],[Collector1]],'Drop-down_menus'!$F$2:$G$16,2,FALSE),IF(_xlpm.x=0,"",_xlpm.x))) -> https://orcid.org/0009-0002-6669-2911 | Q53: =IF(Table3[[#This Row],[Collector2]]="","", _xlfn.LET(_xlpm.x,VLOOKUP(Table3[[#This Row],[Collector2]],'Drop-down_menus'!$F$2:$G$16,2,FALSE),IF(_xlpm.x=0,"",_xlpm.x))) | R53: =IF(Table3[[#This Row],[Collector3]]="","", _xlfn.LET(_xlpm.x,VLOOKUP(Table3[[#This Row],[Collector3]],'Drop-down_menus'!$F$2:$G$16,2,FALSE),IF(_xlpm.x=0,"",_xlpm.x))) | S53: =IF(Table3[[#This Row],[Collector4]]="","", _xlfn.LET(_xlpm.x,VLOOKUP(Table3[[#This Row],[Collector4]],'Drop-down_menus'!$F$2:$G$16,2,FALSE),IF(_xlpm.x=0,"",_xlpm.x))) | Y53: 0 | AA53: 898 | AB53: 904 | AC53: Small Runoff | AD53: 64.337611 | AE53: 62.940158
A54: Melchior Island, South Omega | B54: https://data.aad.gov.au/aadc/gaz/scar/display_name.cfm?gaz_id=110104 | C54: NIS_29 | D54: =_xlfn.TEXTBEFORE(Table3[[#This Row],[eventID]],"_") -> NIS | E54: 45336 | G54: 0.76111111 | H54: 0.76458333 | I54: 18:16-03:00/18:21-03:00 | J54: 2024-02-14 | K54: =H54-G54 -> 0.0034722222 | L54: Axelle Brusselman | M54: Manon Bayat | P54: =IF(Table3[[#This Row],[Collector1]]="","", _xlfn.LET(_xlpm.x,VLOOKUP(Table3[[#This Row],[Collector1]],'Drop-down_menus'!$F$2:$G$16,2,FALSE),IF(_xlpm.x=0,"",_xlpm.x))) -> https://orcid.org/0009-0002-6669-2911 | Q54: =IF(Table3[[#This Row],[Collector2]]="","", _xlfn.LET(_xlpm.x,VLOOKUP(Table3[[#This Row],[Collector2]],'Drop-down_menus'!$F$2:$G$16,2,FALSE),IF(_xlpm.x=0,"",_xlpm.x))) | R54: =IF(Table3[[#This Row],[Collector3]]="","", _xlfn.LET(_xlpm.x,VLOOKUP(Table3[[#This Row],[Collector3]],'Drop-down_menus'!$F$2:$G$16,2,FALSE),IF(_xlpm.x=0,"",_xlpm.x))) | S54: =IF(Table3[[#This Row],[Collector4]]="","", _xlfn.LET(_xlpm.x,VLOOKUP(Table3[[#This Row],[Collector4]],'Drop-down_menus'!$F$2:$G$16,2,FALSE),IF(_xlpm.x=0,"",_xlpm.x))) | Y54: 0 | AA54: 905 | AB54: 911 | AC54: Direct Runoff | AD54: 64.337611 | AE54: 62.940158
A55: Melchior Island, South Omega | B55: https://data.aad.gov.au/aadc/gaz/scar/display_name.cfm?gaz_id=110104 | C55: NIS_30 | D55: =_xlfn.TEXTBEFORE(Table3[[#This Row],[eventID]],"_") -> NIS | E55: 45336 | G55: 0.77291667 | H55: 0.77638889 | I55: 18:33-03:00/18:38-03:00 | J55: 2024-02-14 | K55: =H55-G55 -> 0.0034722222 | L55: Axelle Brusselman | M55: Manon Bayat | P55: =IF(Table3[[#This Row],[Collector1]]="","", _xlfn.LET(_xlpm.x,VLOOKUP(Table3[[#This Row],[Collector1]],'Drop-down_menus'!$F$2:$G$16,2,FALSE),IF(_xlpm.x=0,"",_xlpm.x))) -> https://orcid.org/0009-0002-6669-2911 | Q55: =IF(Table3[[#This Row],[Collector2]]="","", _xlfn.LET(_xlpm.x,VLOOKUP(Table3[[#This Row],[Collector2]],'Drop-down_menus'!$F$2:$G$16,2,FALSE),IF(_xlpm.x=0,"",_xlpm.x))) | R55: =IF(Table3[[#This Row],[Collector3]]="","", _xlfn.LET(_xlpm.x,VLOOKUP(Table3[[#This Row],[Collector3]],'Drop-down_menus'!$F$2:$G$16,2,FALSE),IF(_xlpm.x=0,"",_xlpm.x))) | S55: =IF(Table3[[#This Row],[Collector4]]="","", _xlfn.LET(_xlpm.x,VLOOKUP(Table3[[#This Row],[Collector4]],'Drop-down_menus'!$F$2:$G$16,2,FALSE),IF(_xlpm.x=0,"",_xlpm.x))) | Y55: 0 | AA55: 912 | AB55: 918 | AC55: Brash Ice | AD55: 64.338597 | AE55: 62.94292
A56: Melchior Island, South Omega | B56: https://data.aad.gov.au/aadc/gaz/scar/display_name.cfm?gaz_id=110104 | C56: NIS_31 | D56: =_xlfn.TEXTBEFORE(Table3[[#This Row],[eventID]],"_") -> NIS | E56: 45336 | G56: 0.77777778 | H56: 0.78125 | I56: 18:40-03:00/18:45-03:00 | J56: 2024-02-14 | K56: =H56-G56 -> 0.0034722222 | L56: Axelle Brusselman | M56: Manon Bayat | P56: =IF(Table3[[#This Row],[Collector1]]="","", _xlfn.LET(_xlpm.x,VLOOKUP(Table3[[#This Row],[Collector1]],'Drop-down_menus'!$F$2:$G$16,2,FALSE),IF(_xlpm.x=0,"",_xlpm.x))) -> https://orcid.org/0009-0002-6669-2911 | Q56: =IF(Table3[[#This Row],[Collector2]]="","", _xlfn.LET(_xlpm.x,VLOOKUP(Table3[[#This Row],[Collector2]],'Drop-down_menus'!$F$2:$G$16,2,FALSE),IF(_xlpm.x=0,"",_xlpm.x))) | R56: =IF(Table3[[#This Row],[Collector3]]="","", _xlfn.LET(_xlpm.x,VLOOKUP(Table3[[#This Row],[Collector3]],'Drop-down_menus'!$F$2:$G$16,2,FALSE),IF(_xlpm.x=0,"",_xlpm.x))) | S56: =IF(Table3[[#This Row],[Collector4]]="","", _xlfn.LET(_xlpm.x,VLOOKUP(Table3[[#This Row],[Collector4]],'Drop-down_menus'!$F$2:$G$16,2,FALSE),IF(_xlpm.x=0,"",_xlpm.x))) | Y56: 0 | AA56: 919 | AB56: 925 | AC56: Brash Ice | AD56: 64.338759 | AE56: 62.94267
A57: Melchior Island, South Omega | B57: https://data.aad.gov.au/aadc/gaz/scar/display_name.cfm?gaz_id=110104 | C57: NIS_32 | D57: =_xlfn.TEXTBEFORE(Table3[[#This Row],[eventID]],"_") -> NIS | E57: 45336 | G57: 0.78263889 | H57: 0.78611111 | I57: 18:47-03:00/18:52-03:00 | J57: 2024-02-14 | K57: =H57-G57 -> 0.0034722222 | L57: Axelle Brusselman | M57: Manon Bayat | P57: =IF(Table3[[#This Row],[Collector1]]="","", _xlfn.LET(_xlpm.x,VLOOKUP(Table3[[#This Row],[Collector1]],'Drop-down_menus'!$F$2:$G$16,2,FALSE),IF(_xlpm.x=0,"",_xlpm.x))) -> https://orcid.org/0009-0002-6669-2911 | Q57: =IF(Table3[[#This Row],[Collector2]]="","", _xlfn.LET(_xlpm.x,VLOOKUP(Table3[[#This Row],[Collector2]],'Drop-down_menus'!$F$2:$G$16,2,FALSE),IF(_xlpm.x=0,"",_xlpm.x))) | R57: =IF(Table3[[#This Row],[Collector3]]="","", _xlfn.LET(_xlpm.x,VLOOKUP(Table3[[#This Row],[Collector3]],'Drop-down_menus'!$F$2:$G$16,2,FALSE),IF(_xlpm.x=0,"",_xlpm.x))) | S57: =IF(Table3[[#This Row],[Collector4]]="","", _xlfn.LET(_xlpm.x,VLOOKUP(Table3[[#This Row],[Collector4]],'Drop-down_menus'!$F$2:$G$16,2,FALSE),IF(_xlpm.x=0,"",_xlpm.x))) | Y57: 0 | AA57: 926 | AB57: 932 | AC57: Brash Ice | AD57: 64.339007 | AE57: 62.942603
A58: Melchior Island, South Omega | B58: https://data.aad.gov.au/aadc/gaz/scar/display_name.cfm?gaz_id=110104 | C58: RD_4 | D58: =_xlfn.TEXTBEFORE(Table3[[#This Row],[eventID]],"_") -> RD | E58: 45337 | G58: 0.35416667 | H58: 0.36805556 | I58: 08:30-03:00/08:50-03:00 | J58: 2024-02-15 | K58: =H58-G58 -> 0.013888889 | L58: Henri Robert | P58: =IF(Table3[[#This Row],[Collector1]]="","", _xlfn.LET(_xlpm.x,VLOOKUP(Table3[[#This Row],[Collector1]],'Drop-down_menus'!$F$2:$G$16,2,FALSE),IF(_xlpm.x=0,"",_xlpm.x))) | Q58: =IF(Table3[[#This Row],[Collector2]]="","", _xlfn.LET(_xlpm.x,VLOOKUP(Table3[[#This Row],[Collector2]],'Drop-down_menus'!$F$2:$G$16,2,FALSE),IF(_xlpm.x=0,"",_xlpm.x))) | R58: =IF(Table3[[#This Row],[Collector3]]="","", _xlfn.LET(_xlpm.x,VLOOKUP(Table3[[#This Row],[Collector3]],'Drop-down_menus'!$F$2:$G$16,2,FALSE),IF(_xlpm.x=0,"",_xlpm.x))) | S58: =IF(Table3[[#This Row],[Collector4]]="","", _xlfn.LET(_xlpm.x,VLOOKUP(Table3[[#This Row],[Collector4]],'Drop-down_menus'!$F$2:$G$16,2,FALSE),IF(_xlpm.x=0,"",_xlpm.x))) | T58: 64°20,308 | U58: 62°56,694 | V58: 64°20,346 | W58: 62°56,774 | X58: 15 | Y58: 22 | AA58: 962 | AB58: 974
A59: Melchior Island, South Omega | B59: https://data.aad.gov.au/aadc/gaz/scar/display_name.cfm?gaz_id=110104 | C59: DIV_11 | D59: =_xlfn.TEXTBEFORE(Table3[[#This Row],[eventID]],"_") -> DIV | E59: 45337 | G59: 0.38611111 | H59: 0.4125 | I59: 09:16-03:00/09:54-03:00 | J59: 2024-02-15 | K59: =H59-G59 -> 0.026388889 | L59: Martin Dogniez | M59: Anthony Voisin | P59: =IF(Table3[[#This Row],[Collector1]]="","", _xlfn.LET(_xlpm.x,VLOOKUP(Table3[[#This Row],[Collector1]],'Drop-down_menus'!$F$2:$G$16,2,FALSE),IF(_xlpm.x=0,"",_xlpm.x))) -> https://orcid.org/0000-0002-9708-1761 | Q59: =IF(Table3[[#This Row],[Collector2]]="","", _xlfn.LET(_xlpm.x,VLOOKUP(Table3[[#This Row],[Collector2]],'Drop-down_menus'!$F$2:$G$16,2,FALSE),IF(_xlpm.x=0,"",_xlpm.x))) -> https://orcid.org/0000-0003-3696-4445 | R59: =IF(Table3[[#This Row],[Collector3]]="","", _xlfn.LET(_xlpm.x,VLOOKUP(Table3[[#This Row],[Collector3]],'Drop-down_menus'!$F$2:$G$16,2,FALSE),IF(_xlpm.x=0,"",_xlpm.x))) | S59: =IF(Table3[[#This Row],[Collector4]]="","", _xlfn.LET(_xlpm.x,VLOOKUP(Table3[[#This Row],[Collector4]],'Drop-down_menus'!$F$2:$G$16,2,FALSE),IF(_xlpm.x=0,"",_xlpm.x))) | T59: 64°20,3399 | U59: 61°56,5532 | Y59: 19 | AA59: 1022 | AB59: 1186 | AC59: Trophic Quadrats
A60: Melchior Island, South Omega | B60: https://data.aad.gov.au/aadc/gaz/scar/display_name.cfm?gaz_id=110104 | C60: NIS_33 | D60: =_xlfn.TEXTBEFORE(Table3[[#This Row],[eventID]],"_") -> NIS | E60: 45337 | G60: 0.58333333 | H60: 0.64583333 | I60: 14:00-03:00/15:30-03:00 | J60: 2024-02-15 | K60: =H60-G60 -> 0.0625 | L60: Axelle Brusselman | M60: Emil De Borger | P60: =IF(Table3[[#This Row],[Collector1]]="","", _xlfn.LET(_xlpm.x,VLOOKUP(Table3[[#This Row],[Collector1]],'Drop-down_menus'!$F$2:$G$16,2,FALSE),IF(_xlpm.x=0,"",_xlpm.x))) -> https://orcid.org/0009-0002-6669-2911 | Q60: =IF(Table3[[#This Row],[Collector2]]="","", _xlfn.LET(_xlpm.x,VLOOKUP(Table3[[#This Row],[Collector2]],'Drop-down_menus'!$F$2:$G$16,2,FALSE),IF(_xlpm.x=0,"",_xlpm.x))) -> https://orcid.org/0000-0003-4905-1637 | R60: =IF(Table3[[#This Row],[Collector3]]="","", _xlfn.LET(_xlpm.x,VLOOKUP(Table3[[#This Row],[Collector3]],'Drop-down_menus'!$F$2:$G$16,2,FALSE),IF(_xlpm.x=0,"",_xlpm.x))) | S60: =IF(Table3[[#This Row],[Collector4]]="","", _xlfn.LET(_xlpm.x,VLOOKUP(Table3[[#This Row],[Collector4]],'Drop-down_menus'!$F$2:$G$16,2,FALSE),IF(_xlpm.x=0,"",_xlpm.x))) | T60: 64°20,3399 | U60: 61°56,5532 | X60: 0 | Y60: 25 | AA60: 996 | AB60: 1008
A61: Melchior Island, South Omega | B61: https://data.aad.gov.au/aadc/gaz/scar/display_name.cfm?gaz_id=110104 | C61: ROV_7 | D61: =_xlfn.TEXTBEFORE(Table3[[#This Row],[eventID]],"_") -> ROV | E61: 45337 | G61: 0.43055556 | H61: 0.5 | I61: 10:20-03:00/12:00-03:00 | J61: 2024-02-15 | K61: =H61-G61 -> 0.069444444 | L61: Lea Katz | M61: Manon Bayat | P61: =IF(Table3[[#This Row],[Collector1]]="","", _xlfn.LET(_xlpm.x,VLOOKUP(Table3[[#This Row],[Collector1]],'Drop-down_menus'!$F$2:$G$16,2,FALSE),IF(_xlpm.x=0,"",_xlpm.x))) -> https://orcid.org/0000-0001-5748-602X | Q61: =IF(Table3[[#This Row],[Collector2]]="","", _xlfn.LET(_xlpm.x,VLOOKUP(Table3[[#This Row],[Collector2]],'Drop-down_menus'!$F$2:$G$16,2,FALSE),IF(_xlpm.x=0,"",_xlpm.x))) | R61: =IF(Table3[[#This Row],[Collector3]]="","", _xlfn.LET(_xlpm.x,VLOOKUP(Table3[[#This Row],[Collector3]],'Drop-down_menus'!$F$2:$G$16,2,FALSE),IF(_xlpm.x=0,"",_xlpm.x))) | S61: =IF(Table3[[#This Row],[Collector4]]="","", _xlfn.LET(_xlpm.x,VLOOKUP(Table3[[#This Row],[Collector4]],'Drop-down_menus'!$F$2:$G$16,2,FALSE),IF(_xlpm.x=0,"",_xlpm.x))) | T61: 64°20,343 | U61: 62°56,551 | AA61: 977 | AB61: 987 | AC61: 3 transects
A62: Melchior Island, South Omega | B62: https://data.aad.gov.au/aadc/gaz/scar/display_name.cfm?gaz_id=110104 | C62: INC_2 | D62: =_xlfn.TEXTBEFORE(Table3[[#This Row],[eventID]],"_") -> INC | E62: 45337 | F62: 45338 | G62: 0.25 | H62: 0.39583333 | J62: 2024-02-15T06:00-03:00/2024-02-16T09:30-03:00 | K62: =-((E62+G62)-(F62+H62))*24 -> 27.5 | L62: Axelle Brusselman | P62: =IF(Table3[[#This Row],[Collector1]]="","", _xlfn.LET(_xlpm.x,VLOOKUP(Table3[[#This Row],[Collector1]],'Drop-down_menus'!$F$2:$G$16,2,FALSE),IF(_xlpm.x=0,"",_xlpm.x))) -> https://orcid.org/0009-0002-6669-2911 | Q62: =IF(Table3[[#This Row],[Collector2]]="","", _xlfn.LET(_xlpm.x,VLOOKUP(Table3[[#This Row],[Collector2]],'Drop-down_menus'!$F$2:$G$16,2,FALSE),IF(_xlpm.x=0,"",_xlpm.x))) | R62: =IF(Table3[[#This Row],[Collector3]]="","", _xlfn.LET(_xlpm.x,VLOOKUP(Table3[[#This Row],[Collector3]],'Drop-down_menus'!$F$2:$G$16,2,FALSE),IF(_xlpm.x=0,"",_xlpm.x))) | S62: =IF(Table3[[#This Row],[Collector4]]="","", _xlfn.LET(_xlpm.x,VLOOKUP(Table3[[#This Row],[Collector4]],'Drop-down_menus'!$F$2:$G$16,2,FALSE),IF(_xlpm.x=0,"",_xlpm.x))) | T62: 64°20,343 | U62: 62°56,551 | X62: 10 | Y62: 20 | AA62: 1009 | AB62: 1021 | AC62: Deployment
A63: Melchior Island, South Omega | B63: https://data.aad.gov.au/aadc/gaz/scar/display_name.cfm?gaz_id=110104 | C63: NIS_18 | D63: =_xlfn.TEXTBEFORE(Table3[[#This Row],[eventID]],"_") -> NIS | E63: 45337 | G63: 0.44444444 | H63: 0.45833333 | I63: 10:40-03:00/11:00-03:00 | J63: 2024-02-15 | K63: =H63-G63 -> 0.013888889 | L63: Axelle Brusselman | M63: Bruno Danis | P63: =IF(Table3[[#This Row],[Collector1]]="","", _xlfn.LET(_xlpm.x,VLOOKUP(Table3[[#This Row],[Collector1]],'Drop-down_menus'!$F$2:$G$16,2,FALSE),IF(_xlpm.x=0,"",_xlpm.x))) -> https://orcid.org/0009-0002-6669-2911 | Q63: =IF(Table3[[#This Row],[Collector2]]="","", _xlfn.LET(_xlpm.x,VLOOKUP(Table3[[#This Row],[Collector2]],'Drop-down_menus'!$F$2:$G$16,2,FALSE),IF(_xlpm.x=0,"",_xlpm.x))) -> https://orcid.org/0000-0002-9037-7623 | R63: =IF(Table3[[#This Row],[Collector3]]="","", _xlfn.LET(_xlpm.x,VLOOKUP(Table3[[#This Row],[Collector3]],'Drop-down_menus'!$F$2:$G$16,2,FALSE),IF(_xlpm.x=0,"",_xlpm.x))) | S63: =IF(Table3[[#This Row],[Collector4]]="","", _xlfn.LET(_xlpm.x,VLOOKUP(Table3[[#This Row],[Collector4]],'Drop-down_menus'!$F$2:$G$16,2,FALSE),IF(_xlpm.x=0,"",_xlpm.x))) | T63: 64°20,343 | U63: 62°56,551 | X63: 0 | Y63: 20 | AA63: 782 | AB63: 822
A64: Melchior Island, South Omega | B64: https://data.aad.gov.au/aadc/gaz/scar/display_name.cfm?gaz_id=110104 | C64: RD_5 | D64: =_xlfn.TEXTBEFORE(Table3[[#This Row],[eventID]],"_") -> RD | E64: 45337 | G64: 0.72916667 | H64: 0.74305556 | I64: 17:30-03:00/17:50-03:00 | J64: 2024-02-15 | K64: =H64-G64 -> 0.013888889 | L64: Henri Robert | M64: Bruno Danis | N64: Lucas Terrana | O64: Ben Wallis | P64: =IF(Table3[[#This Row],[Collector1]]="","", _xlfn.LET(_xlpm.x,VLOOKUP(Table3[[#This Row],[Collector1]],'Drop-down_menus'!$F$2:$G$16,2,FALSE),IF(_xlpm.x=0,"",_xlpm.x))) | Q64: =IF(Table3[[#This Row],[Collector2]]="","", _xlfn.LET(_xlpm.x,VLOOKUP(Table3[[#This Row],[Collector2]],'Drop-down_menus'!$F$2:$G$16,2,FALSE),IF(_xlpm.x=0,"",_xlpm.x))) -> https://orcid.org/0000-0002-9037-7623 | R64: =IF(Table3[[#This Row],[Collector3]]="","", _xlfn.LET(_xlpm.x,VLOOKUP(Table3[[#This Row],[Collector3]],'Drop-down_menus'!$F$2:$G$16,2,FALSE),IF(_xlpm.x=0,"",_xlpm.x))) -> https://orcid.org/0000-0001-5767-3220 | S64: =IF(Table3[[#This Row],[Collector4]]="","", _xlfn.LET(_xlpm.x,VLOOKUP(Table3[[#This Row],[Collector4]],'Drop-down_menus'!$F$2:$G$16,2,FALSE),IF(_xlpm.x=0,"",_xlpm.x))) | T64: 64°20,371 | U64: 62°57,52 | V64: 64°20,313 | W64: 62°57,537 | X64: 20 | Y64: 100 | AA64: 984 | AB64: 995 | AC64: Up canyon slope
A65: Melchior Island, South Omega | B65: https://data.aad.gov.au/aadc/gaz/scar/display_name.cfm?gaz_id=110104 | C65: ROV_8 | D65: =_xlfn.TEXTBEFORE(Table3[[#This Row],[eventID]],"_") -> ROV | E65: 45337 | G65: 0.65555556 | H65: 0.6625 | I65: 15:44-03:00/15:54-03:00 | J65: 2024-02-15 | K65: =H65-G65 -> 0.0069444444 | L65: Lea Katz | P65: =IF(Table3[[#This Row],[Collector1]]="","", _xlfn.LET(_xlpm.x,VLOOKUP(Table3[[#This Row],[Collector1]],'Drop-down_menus'!$F$2:$G$16,2,FALSE),IF(_xlpm.x=0,"",_xlpm.x))) -> https://orcid.org/0000-0001-5748-602X | Q65: =IF(Table3[[#This Row],[Collector2]]="","", _xlfn.LET(_xlpm.x,VLOOKUP(Table3[[#This Row],[Collector2]],'Drop-down_menus'!$F$2:$G$16,2,FALSE),IF(_xlpm.x=0,"",_xlpm.x))) | R65: =IF(Table3[[#This Row],[Collector3]]="","", _xlfn.LET(_xlpm.x,VLOOKUP(Table3[[#This Row],[Collector3]],'Drop-down_menus'!$F$2:$G$16,2,FALSE),IF(_xlpm.x=0,"",_xlpm.x))) | S65: =IF(Table3[[#This Row],[Collector4]]="","", _xlfn.LET(_xlpm.x,VLOOKUP(Table3[[#This Row],[Collector4]],'Drop-down_menus'!$F$2:$G$16,2,FALSE),IF(_xlpm.x=0,"",_xlpm.x))) | T65: 64°20,252 | U65: 62°56,694
A66: Melchior Island, South Omega | B66: https://data.aad.gov.au/aadc/gaz/scar/display_name.cfm?gaz_id=110104 | C66: DRM_2 | D66: =_xlfn.TEXTBEFORE(Table3[[#This Row],[eventID]],"_") -> DRM | E66: 45337 | G66: 0.54166667 | H66: 0.625 | I66: 13:00-03:00/15:00-03:00 | J66: 2024-02-15 | K66: =H66-G66 -> 0.083333333 | L66: Bruno Danis | P66: =IF(Table3[[#This Row],[Collector1]]="","", _xlfn.LET(_xlpm.x,VLOOKUP(Table3[[#This Row],[Collector1]],'Drop-down_menus'!$F$2:$G$16,2,FALSE),IF(_xlpm.x=0,"",_xlpm.x))) -> https://orcid.org/0000-0002-9037-7623 | Q66: =IF(Table3[[#This Row],[Collector2]]="","", _xlfn.LET(_xlpm.x,VLOOKUP(Table3[[#This Row],[Collector2]],'Drop-down_menus'!$F$2:$G$16,2,FALSE),IF(_xlpm.x=0,"",_xlpm.x))) | R66: =IF(Table3[[#This Row],[Collector3]]="","", _xlfn.LET(_xlpm.x,VLOOKUP(Table3[[#This Row],[Collector3]],'Drop-down_menus'!$F$2:$G$16,2,FALSE),IF(_xlpm.x=0,"",_xlpm.x))) | S66: =IF(Table3[[#This Row],[Collector4]]="","", _xlfn.LET(_xlpm.x,VLOOKUP(Table3[[#This Row],[Collector4]],'Drop-down_menus'!$F$2:$G$16,2,FALSE),IF(_xlpm.x=0,"",_xlpm.x))) | T66: 64°20,343 | U66: 62°56,551 | Z66: 60 | AC66: Flight time: 86', Surface covered: 17 Ha => DATALOST
A67: Melchior Island, South Omega | B67: https://data.aad.gov.au/aadc/gaz/scar/display_name.cfm?gaz_id=110104 | C67: RD_6 | D67: =_xlfn.TEXTBEFORE(Table3[[#This Row],[eventID]],"_") -> RD | E67: 45338 | G67: 0.35416667 | H67: 0.36111111 | I67: 08:30-03:00/08:40-03:00 | J67: 2024-02-16 | K67: =H67-G67 -> 0.0069444444 | L67: Henri Robert | P67: =IF(Table3[[#This Row],[Collector1]]="","", _xlfn.LET(_xlpm.x,VLOOKUP(Table3[[#This Row],[Collector1]],'Drop-down_menus'!$F$2:$G$16,2,FALSE),IF(_xlpm.x=0,"",_xlpm.x))) | Q67: =IF(Table3[[#This Row],[Collector2]]="","", _xlfn.LET(_xlpm.x,VLOOKUP(Table3[[#This Row],[Collector2]],'Drop-down_menus'!$F$2:$G$16,2,FALSE),IF(_xlpm.x=0,"",_xlpm.x))) | R67: =IF(Table3[[#This Row],[Collector3]]="","", _xlfn.LET(_xlpm.x,VLOOKUP(Table3[[#This Row],[Collector3]],'Drop-down_menus'!$F$2:$G$16,2,FALSE),IF(_xlpm.x=0,"",_xlpm.x))) | S67: =IF(Table3[[#This Row],[Collector4]]="","", _xlfn.LET(_xlpm.x,VLOOKUP(Table3[[#This Row],[Collector4]],'Drop-down_menus'!$F$2:$G$16,2,FALSE),IF(_xlpm.x=0,"",_xlpm.x))) | T67: 64°20,227 | U67: 62°56,758 | V67: 64°20,209 | W67: 62°56,689 | X67: 5 | Y67: 35 | AA67: 1187 | AB67: 1199
A68: Melchior Island, South Omega | B68: https://data.aad.gov.au/aadc/gaz/scar/display_name.cfm?gaz_id=110104 | C68: DIV_12 | D68: =_xlfn.TEXTBEFORE(Table3[[#This Row],[eventID]],"_") -> DIV | E68: 45338 | G68: 0.375 | H68: 0.4125 | I68: 09:00-03:00/09:54-03:00 | J68: 2024-02-16 | K68: =H68-G68 -> 0.0375 | L68: Martin Dogniez | M68: Anthony Voisin | P68: =IF(Table3[[#This Row],[Collector1]]="","", _xlfn.LET(_xlpm.x,VLOOKUP(Table3[[#This Row],[Collector1]],'Drop-down_menus'!$F$2:$G$16,2,FALSE),IF(_xlpm.x=0,"",_xlpm.x))) -> https://orcid.org/0000-0002-9708-1761 | Q68: =IF(Table3[[#This Row],[Collector2]]="","", _xlfn.LET(_xlpm.x,VLOOKUP(Table3[[#This Row],[Collector2]],'Drop-down_menus'!$F$2:$G$16,2,FALSE),IF(_xlpm.x=0,"",_xlpm.x))) -> https://orcid.org/0000-0003-3696-4445 | R68: =IF(Table3[[#This Row],[Collector3]]="","", _xlfn.LET(_xlpm.x,VLOOKUP(Table3[[#This Row],[Collector3]],'Drop-down_menus'!$F$2:$G$16,2,FALSE),IF(_xlpm.x=0,"",_xlpm.x))) | S68: =IF(Table3[[#This Row],[Collector4]]="","", _xlfn.LET(_xlpm.x,VLOOKUP(Table3[[#This Row],[Collector4]],'Drop-down_menus'!$F$2:$G$16,2,FALSE),IF(_xlpm.x=0,"",_xlpm.x))) | T68: 64°20,3399 | U68: 62°56,5532 | Y68: 20 | AA68: 1261 | AB68: 1450 | AC68: Several series of IDs!! Also: 1470-1474 and 1451-1469 (Synoicum for Alison)
A69: Melchior Island, South Omega | B69: https://data.aad.gov.au/aadc/gaz/scar/display_name.cfm?gaz_id=110104 | C69: ROV_9 | D69: =_xlfn.TEXTBEFORE(Table3[[#This Row],[eventID]],"_") -> ROV | E69: 45338 | G69: 0.375 | H69: 0.4375 | I69: 09:00-03:00/10:30-03:00 | J69: 2024-02-16 | K69: =H69-G69 -> 0.0625 | L69: Lea Katz | M69: Henri Robert | P69: =IF(Table3[[#This Row],[Collector1]]="","", _xlfn.LET(_xlpm.x,VLOOKUP(Table3[[#This Row],[Collector1]],'Drop-down_menus'!$F$2:$G$16,2,FALSE),IF(_xlpm.x=0,"",_xlpm.x))) -> https://orcid.org/0000-0001-5748-602X | Q69: =IF(Table3[[#This Row],[Collector2]]="","", _xlfn.LET(_xlpm.x,VLOOKUP(Table3[[#This Row],[Collector2]],'Drop-down_menus'!$F$2:$G$16,2,FALSE),IF(_xlpm.x=0,"",_xlpm.x))) | R69: =IF(Table3[[#This Row],[Collector3]]="","", _xlfn.LET(_xlpm.x,VLOOKUP(Table3[[#This Row],[Collector3]],'Drop-down_menus'!$F$2:$G$16,2,FALSE),IF(_xlpm.x=0,"",_xlpm.x))) | S69: =IF(Table3[[#This Row],[Collector4]]="","", _xlfn.LET(_xlpm.x,VLOOKUP(Table3[[#This Row],[Collector4]],'Drop-down_menus'!$F$2:$G$16,2,FALSE),IF(_xlpm.x=0,"",_xlpm.x))) | T69: 64°20,343 | U69: 62°56,551 | Y69: 22 | AA69: 1198 | AB69: 1204
A70: Melchior Island, South Omega | B70: https://data.aad.gov.au/aadc/gaz/scar/display_name.cfm?gaz_id=110104 | C70: DIV_13 | D70: =_xlfn.TEXTBEFORE(Table3[[#This Row],[eventID]],"_") -> DIV | E70: 45338 | G70: 0.45555556 | H70: 0.4625 | I70: 10:56-03:00/11:06-03:00 | J70: 2024-02-16 | K70: =H70-G70 -> 0.0069444444 | L70: Camille Moreau | M70: Lucas Terrana | P70: =IF(Table3[[#This Row],[Collector1]]="","", _xlfn.LET(_xlpm.x,VLOOKUP(Table3[[#This Row],[Collector1]],'Drop-down_menus'!$F$2:$G$16,2,FALSE),IF(_xlpm.x=0,"",_xlpm.x))) -> https://orcid.org/0000-0002-0981-7442 | Q70: =IF(Table3[[#This Row],[Collector2]]="","", _xlfn.LET(_xlpm.x,VLOOKUP(Table3[[#This Row],[Collector2]],'Drop-down_menus'!$F$2:$G$16,2,FALSE),IF(_xlpm.x=0,"",_xlpm.x))) -> https://orcid.org/0000-0001-5767-3220 | R70: =IF(Table3[[#This Row],[Collector3]]="","", _xlfn.LET(_xlpm.x,VLOOKUP(Table3[[#This Row],[Collector3]],'Drop-down_menus'!$F$2:$G$16,2,FALSE),IF(_xlpm.x=0,"",_xlpm.x))) | S70: =IF(Table3[[#This Row],[Collector4]]="","", _xlfn.LET(_xlpm.x,VLOOKUP(Table3[[#This Row],[Collector4]],'Drop-down_menus'!$F$2:$G$16,2,FALSE),IF(_xlpm.x=0,"",_xlpm.x))) | T70: 64°19,226 | U70: 62°55,2654 | Y70: 20 | AA70: 1259 | AB70: 1260
A71: Melchior Island, South Omega | B71: https://data.aad.gov.au/aadc/gaz/scar/display_name.cfm?gaz_id=110104 | C71: VV_1 | D71: =_xlfn.TEXTBEFORE(Table3[[#This Row],[eventID]],"_") -> VV | E71: 45338 | G71: 0.43055556 | H71: 0.44097222 | I71: 10:20-03:00/10:35-03:00 | J71: 2024-02-16 | K71: =H71-G71 -> 0.010416667 | L71: Ben Wallis | M71: Emil De Borger | P71: =IF(Table3[[#This Row],[Collector1]]="","", _xlfn.LET(_xlpm.x,VLOOKUP(Table3[[#This Row],[Collector1]],'Drop-down_menus'!$F$2:$G$16,2,FALSE),IF(_xlpm.x=0,"",_xlpm.x))) | Q71: =IF(Table3[[#This Row],[Collector2]]="","", _xlfn.LET(_xlpm.x,VLOOKUP(Table3[[#This Row],[Collector2]],'Drop-down_menus'!$F$2:$G$16,2,FALSE),IF(_xlpm.x=0,"",_xlpm.x))) -> https://orcid.org/0000-0003-4905-1637 | R71: =IF(Table3[[#This Row],[Collector3]]="","", _xlfn.LET(_xlpm.x,VLOOKUP(Table3[[#This Row],[Collector3]],'Drop-down_menus'!$F$2:$G$16,2,FALSE),IF(_xlpm.x=0,"",_xlpm.x))) | S71: =IF(Table3[[#This Row],[Collector4]]="","", _xlfn.LET(_xlpm.x,VLOOKUP(Table3[[#This Row],[Collector4]],'Drop-down_menus'!$F$2:$G$16,2,FALSE),IF(_xlpm.x=0,"",_xlpm.x))) | T71: 64°20,343 | U71: 62°56,551 | Y71: 22 | AA71: 1221 | AB71: 1227
A72: Melchior Island, South Omega | B72: https://data.aad.gov.au/aadc/gaz/scar/display_name.cfm?gaz_id=110104 | C72: NIS_34 | D72: =_xlfn.TEXTBEFORE(Table3[[#This Row],[eventID]],"_") -> NIS | E72: 45338 | J72: 2024-02-16 | L72: Axelle Brusselman | P72: =IF(Table3[[#This Row],[Collector1]]="","", _xlfn.LET(_xlpm.x,VLOOKUP(Table3[[#This Row],[Collector1]],'Drop-down_menus'!$F$2:$G$16,2,FALSE),IF(_xlpm.x=0,"",_xlpm.x))) -> https://orcid.org/0009-0002-6669-2911 | Q72: =IF(Table3[[#This Row],[Collector2]]="","", _xlfn.LET(_xlpm.x,VLOOKUP(Table3[[#This Row],[Collector2]],'Drop-down_menus'!$F$2:$G$16,2,FALSE),IF(_xlpm.x=0,"",_xlpm.x))) | R72: =IF(Table3[[#This Row],[Collector3]]="","", _xlfn.LET(_xlpm.x,VLOOKUP(Table3[[#This Row],[Collector3]],'Drop-down_menus'!$F$2:$G$16,2,FALSE),IF(_xlpm.x=0,"",_xlpm.x))) | S72: =IF(Table3[[#This Row],[Collector4]]="","", _xlfn.LET(_xlpm.x,VLOOKUP(Table3[[#This Row],[Collector4]],'Drop-down_menus'!$F$2:$G$16,2,FALSE),IF(_xlpm.x=0,"",_xlpm.x))) | T72: 64°20,343 | U72: 62°56,551 | AA72: 1228 | AB72: 1258 | AC72: Several series of IDs!! Also: 1205-1208
A73: Melchior Island, South Omega | B73: https://data.aad.gov.au/aadc/gaz/scar/display_name.cfm?gaz_id=110104 | C73: ROV_10 | D73: =_xlfn.TEXTBEFORE(Table3[[#This Row],[eventID]],"_") -> ROV | E73: 45338 | G73: 0.58333333 | H73: 0.625 | I73: 14:00-03:00/15:00-03:00 | J73: 2024-02-16 | K73: =H73-G73 -> 0.041666667 | L73: Lea Katz | M73: Henri Robert | N73: Ben Wallis | P73: =IF(Table3[[#This Row],[Collector1]]="","", _xlfn.LET(_xlpm.x,VLOOKUP(Table3[[#This Row],[Collector1]],'Drop-down_menus'!$F$2:$G$16,2,FALSE),IF(_xlpm.x=0,"",_xlpm.x))) -> https://orcid.org/0000-0001-5748-602X | Q73: =IF(Table3[[#This Row],[Collector2]]="","", _xlfn.LET(_xlpm.x,VLOOKUP(Table3[[#This Row],[Collector2]],'Drop-down_menus'!$F$2:$G$16,2,FALSE),IF(_xlpm.x=0,"",_xlpm.x))) | R73: =IF(Table3[[#This Row],[Collector3]]="","", _xlfn.LET(_xlpm.x,VLOOKUP(Table3[[#This Row],[Collector3]],'Drop-down_menus'!$F$2:$G$16,2,FALSE),IF(_xlpm.x=0,"",_xlpm.x))) | S73: =IF(Table3[[#This Row],[Collector4]]="","", _xlfn.LET(_xlpm.x,VLOOKUP(Table3[[#This Row],[Collector4]],'Drop-down_menus'!$F$2:$G$16,2,FALSE),IF(_xlpm.x=0,"",_xlpm.x))) | T73: 64°20,241 | U73: 62°57,458 | Y73: 35 | AA73: 1198 | AB73: 1204
A74: Melchior Island, South Omega | B74: https://data.aad.gov.au/aadc/gaz/scar/display_name.cfm?gaz_id=110104 | C74: ITD_1 | D74: =_xlfn.TEXTBEFORE(Table3[[#This Row],[eventID]],"_") -> ITD | E74: 45338 | J74: 2024-02-16 | L74: Camille Moreau | M74: Lucas Terrana | N74: Manon Bayat | P74: =IF(Table3[[#This Row],[Collector1]]="","", _xlfn.LET(_xlpm.x,VLOOKUP(Table3[[#This Row],[Collector1]],'Drop-down_menus'!$F$2:$G$16,2,FALSE),IF(_xlpm.x=0,"",_xlpm.x))) -> https://orcid.org/0000-0002-0981-7442 | Q74: =IF(Table3[[#This Row],[Collector2]]="","", _xlfn.LET(_xlpm.x,VLOOKUP(Table3[[#This Row],[Collector2]],'Drop-down_menus'!$F$2:$G$16,2,FALSE),IF(_xlpm.x=0,"",_xlpm.x))) -> https://orcid.org/0000-0001-5767-3220 | R74: =IF(Table3[[#This Row],[Collector3]]="","", _xlfn.LET(_xlpm.x,VLOOKUP(Table3[[#This Row],[Collector3]],'Drop-down_menus'!$F$2:$G$16,2,FALSE),IF(_xlpm.x=0,"",_xlpm.x))) | S74: =IF(Table3[[#This Row],[Collector4]]="","", _xlfn.LET(_xlpm.x,VLOOKUP(Table3[[#This Row],[Collector4]],'Drop-down_menus'!$F$2:$G$16,2,FALSE),IF(_xlpm.x=0,"",_xlpm.x))) | AA74: 1468 | AB74: 1468
A75: Melchior Island, South Omega | B75: https://data.aad.gov.au/aadc/gaz/scar/display_name.cfm?gaz_id=110104 | C75: DRM_3 | D75: =_xlfn.TEXTBEFORE(Table3[[#This Row],[eventID]],"_") -> DRM | E75: 45338 | G75: 0.70833333 | H75: 0.77083333 | I75: 17:00-03:00/18:30-03:00 | J75: 2024-02-16 | K75: =H75-G75 -> 0.0625 | L75: Bruno Danis | P75: =IF(Table3[[#This Row],[Collector1]]="","", _xlfn.LET(_xlpm.x,VLOOKUP(Table3[[#This Row],[Collector1]],'Drop-down_menus'!$F$2:$G$16,2,FALSE),IF(_xlpm.x=0,"",_xlpm.x))) -> https://orcid.org/0000-0002-9037-7623 | Q75: =IF(Table3[[#This Row],[Collector2]]="","", _xlfn.LET(_xlpm.x,VLOOKUP(Table3[[#This Row],[Collector2]],'Drop-down_menus'!$F$2:$G$16,2,FALSE),IF(_xlpm.x=0,"",_xlpm.x))) | R75: =IF(Table3[[#This Row],[Collector3]]="","", _xlfn.LET(_xlpm.x,VLOOKUP(Table3[[#This Row],[Collector3]],'Drop-down_menus'!$F$2:$G$16,2,FALSE),IF(_xlpm.x=0,"",_xlpm.x))) | S75: =IF(Table3[[#This Row],[Collector4]]="","", _xlfn.LET(_xlpm.x,VLOOKUP(Table3[[#This Row],[Collector4]],'Drop-down_menus'!$F$2:$G$16,2,FALSE),IF(_xlpm.x=0,"",_xlpm.x))) | T75: 64°20,343 | U75: 62°56,551 | Z75: 60 | AC75: Flight time: 86', Surface covered: 17 Ha (REDO of DRM_2) => DATALOST
A76: Girard Bay | B76: https://data.aad.gov.au/aadc/gaz/scar/display_name.cfm?gaz_id=109032 | C76: NIS_35 | D76: =_xlfn.TEXTBEFORE(Table3[[#This Row],[eventID]],"_") -> NIS | E76: 45339 | G76: 0.58958333 | H76: 0.59305556 | I76: 14:09-03:00/14:14-03:00 | J76: 2024-02-17 | K76: =H76-G76 -> 0.0034722222 | L76: Axelle Brusselman | M76: Manon Bayat | N76: Anthony Voisin | O76: Adam Coerper | P76: =IF(Table3[[#This Row],[Collector1]]="","", _xlfn.LET(_xlpm.x,VLOOKUP(Table3[[#This Row],[Collector1]],'Drop-down_menus'!$F$2:$G$16,2,FALSE),IF(_xlpm.x=0,"",_xlpm.x))) -> https://orcid.org/0009-0002-6669-2911 | Q76: =IF(Table3[[#This Row],[Collector2]]="","", _xlfn.LET(_xlpm.x,VLOOKUP(Table3[[#This Row],[Collector2]],'Drop-down_menus'!$F$2:$G$16,2,FALSE),IF(_xlpm.x=0,"",_xlpm.x))) | R76: =IF(Table3[[#This Row],[Collector3]]="","", _xlfn.LET(_xlpm.x,VLOOKUP(Table3[[#This Row],[Collector3]],'Drop-down_menus'!$F$2:$G$16,2,FALSE),IF(_xlpm.x=0,"",_xlpm.x))) -> https://orcid.org/0000-0003-3696-4445 | S76: =IF(Table3[[#This Row],[Collector4]]="","", _xlfn.LET(_xlpm.x,VLOOKUP(Table3[[#This Row],[Collector4]],'Drop-down_menus'!$F$2:$G$16,2,FALSE),IF(_xlpm.x=0,"",_xlpm.x))) | Y76: 0 | AA76: 1475 | AB76: 1480 | AD76: 65.136085 | AE76: 63.953481
A77: Girard Bay | B77: https://data.aad.gov.au/aadc/gaz/scar/display_name.cfm?gaz_id=109032 | C77: NIS_36 | D77: =_xlfn.TEXTBEFORE(Table3[[#This Row],[eventID]],"_") -> NIS | E77: 45339 | G77: 0.59444444 | H77: 0.59791667 | I77: 14:16-03:00/14:21-03:00 | J77: 2024-02-17 | K77: =H77-G77 -> 0.0034722222 | L77: Axelle Brusselman | M77: Manon Bayat | N77: Anthony Voisin | O77: Adam Coerper | P77: =IF(Table3[[#This Row],[Collector1]]="","", _xlfn.LET(_xlpm.x,VLOOKUP(Table3[[#This Row],[Collector1]],'Drop-down_menus'!$F$2:$G$16,2,FALSE),IF(_xlpm.x=0,"",_xlpm.x))) -> https://orcid.org/0009-0002-6669-2911 | Q77: =IF(Table3[[#This Row],[Collector2]]="","", _xlfn.LET(_xlpm.x,VLOOKUP(Table3[[#This Row],[Collector2]],'Drop-down_menus'!$F$2:$G$16,2,FALSE),IF(_xlpm.x=0,"",_xlpm.x))) | R77: =IF(Table3[[#This Row],[Collector3]]="","", _xlfn.LET(_xlpm.x,VLOOKUP(Table3[[#This Row],[Collector3]],'Drop-down_menus'!$F$2:$G$16,2,FALSE),IF(_xlpm.x=0,"",_xlpm.x))) -> https://orcid.org/0000-0003-3696-4445 | S77: =IF(Table3[[#This Row],[Collector4]]="","", _xlfn.LET(_xlpm.x,VLOOKUP(Table3[[#This Row],[Collector4]],'Drop-down_menus'!$F$2:$G$16,2,FALSE),IF(_xlpm.x=0,"",_xlpm.x))) | Y77: 0 | AA77: 1481 | AB77: 1486 | AD77: 65.138235 | AE77: 63.950106
A78: Girard Bay | B78: https://data.aad.gov.au/aadc/gaz/scar/display_name.cfm?gaz_id=109032 | C78: NIS_37 | D78: =_xlfn.TEXTBEFORE(Table3[[#This Row],[eventID]],"_") -> NIS | E78: 45339 | G78: 0.59861111 | H78: 0.6 | I78: 14:22-03:00/14:24-03:00 | J78: 2024-02-17 | K78: =H78-G78 -> 0.0013888889 | L78: Axelle Brusselman | M78: Manon Bayat | N78: Anthony Voisin | O78: Adam Coerper | P78: =IF(Table3[[#This Row],[Collector1]]="","", _xlfn.LET(_xlpm.x,VLOOKUP(Table3[[#This Row],[Collector1]],'Drop-down_menus'!$F$2:$G$16,2,FALSE),IF(_xlpm.x=0,"",_xlpm.x))) -> https://orcid.org/0009-0002-6669-2911 | Q78: =IF(Table3[[#This Row],[Collector2]]="","", _xlfn.LET(_xlpm.x,VLOOKUP(Table3[[#This Row],[Collector2]],'Drop-down_menus'!$F$2:$G$16,2,FALSE),IF(_xlpm.x=0,"",_xlpm.x))) | R78: =IF(Table3[[#This Row],[Collector3]]="","", _xlfn.LET(_xlpm.x,VLOOKUP(Table3[[#This Row],[Collector3]],'Drop-down_menus'!$F$2:$G$16,2,FALSE),IF(_xlpm.x=0,"",_xlpm.x))) -> https://orcid.org/0000-0003-3696-4445 | S78: =IF(Table3[[#This Row],[Collector4]]="","", _xlfn.LET(_xlpm.x,VLOOKUP(Table3[[#This Row],[Collector4]],'Drop-down_menus'!$F$2:$G$16,2,FALSE),IF(_xlpm.x=0,"",_xlpm.x))) | Y78: 0 | AA78: 1487 | AB78: 1492 | AD78: 65.142591 | AE78: 63.95075
A79: Girard Bay | B79: https://data.aad.gov.au/aadc/gaz/scar/display_name.cfm?gaz_id=109032 | C79: NIS_38 | D79: =_xlfn.TEXTBEFORE(Table3[[#This Row],[eventID]],"_") -> NIS | E79: 45339 | G79: 0.60069444 | H79: 0.60208333 | I79: 14:25-03:00/14:27-03:00 | J79: 2024-02-17 | K79: =H79-G79 -> 0.0013888889 | L79: Axelle Brusselman | M79: Manon Bayat | N79: Anthony Voisin | O79: Adam Coerper | P79: =IF(Table3[[#This Row],[Collector1]]="","", _xlfn.LET(_xlpm.x,VLOOKUP(Table3[[#This Row],[Collector1]],'Drop-down_menus'!$F$2:$G$16,2,FALSE),IF(_xlpm.x=0,"",_xlpm.x))) -> https://orcid.org/0009-0002-6669-2911 | Q79: =IF(Table3[[#This Row],[Collector2]]="","", _xlfn.LET(_xlpm.x,VLOOKUP(Table3[[#This Row],[Collector2]],'Drop-down_menus'!$F$2:$G$16,2,FALSE),IF(_xlpm.x=0,"",_xlpm.x))) | R79: =IF(Table3[[#This Row],[Collector3]]="","", _xlfn.LET(_xlpm.x,VLOOKUP(Table3[[#This Row],[Collector3]],'Drop-down_menus'!$F$2:$G$16,2,FALSE),IF(_xlpm.x=0,"",_xlpm.x))) -> https://orcid.org/0000-0003-3696-4445 | S79: =IF(Table3[[#This Row],[Collector4]]="","", _xlfn.LET(_xlpm.x,VLOOKUP(Table3[[#This Row],[Collector4]],'Drop-down_menus'!$F$2:$G$16,2,FALSE),IF(_xlpm.x=0,"",_xlpm.x))) | Y79: 0 | AA79: 1493 | AB79: 1498 | AD79: 65.144788 | AE79: 63.955728
A80: Girard Bay | B80: https://data.aad.gov.au/aadc/gaz/scar/display_name.cfm?gaz_id=109032 | C80: NIS_39 | D80: =_xlfn.TEXTBEFORE(Table3[[#This Row],[eventID]],"_") -> NIS | E80: 45339 | G80: 0.60416667 | H80: 0.60555556 | I80: 14:30-03:00/14:32-03:00 | J80: 2024-02-17 | K80: =H80-G80 -> 0.0013888889 | L80: Axelle Brusselman | M80: Manon Bayat | N80: Anthony Voisin | O80: Adam Coerper | P80: =IF(Table3[[#This Row],[Collector1]]="","", _xlfn.LET(_xlpm.x,VLOOKUP(Table3[[#This Row],[Collector1]],'Drop-down_menus'!$F$2:$G$16,2,FALSE),IF(_xlpm.x=0,"",_xlpm.x))) -> https://orcid.org/0009-0002-6669-2911 | Q80: =IF(Table3[[#This Row],[Collector2]]="","", _xlfn.LET(_xlpm.x,VLOOKUP(Table3[[#This Row],[Collector2]],'Drop-down_menus'!$F$2:$G$16,2,FALSE),IF(_xlpm.x=0,"",_xlpm.x))) | R80: =IF(Table3[[#This Row],[Collector3]]="","", _xlfn.LET(_xlpm.x,VLOOKUP(Table3[[#This Row],[Collector3]],'Drop-down_menus'!$F$2:$G$16,2,FALSE),IF(_xlpm.x=0,"",_xlpm.x))) -> https://orcid.org/0000-0003-3696-4445 | S80: =IF(Table3[[#This Row],[Collector4]]="","", _xlfn.LET(_xlpm.x,VLOOKUP(Table3[[#This Row],[Collector4]],'Drop-down_menus'!$F$2:$G$16,2,FALSE),IF(_xlpm.x=0,"",_xlpm.x))) | Y80: 0 | AA80: 1499 | AB80: 1504 | AD80: 65.148077 | AE80: 65.96231
A81: Girard Bay | B81: https://data.aad.gov.au/aadc/gaz/scar/display_name.cfm?gaz_id=109032 | C81: NIS_40 | D81: =_xlfn.TEXTBEFORE(Table3[[#This Row],[eventID]],"_") -> NIS | E81: 45339 | G81: 0.60902778 | H81: 0.61041667 | I81: 14:37-03:00/14:39-03:00 | J81: 2024-02-17 | K81: =H81-G81 -> 0.0013888889 | L81: Axelle Brusselman | M81: Manon Bayat | N81: Anthony Voisin | O81: Adam Coerper | P81: =IF(Table3[[#This Row],[Collector1]]="","", _xlfn.LET(_xlpm.x,VLOOKUP(Table3[[#This Row],[Collector1]],'Drop-down_menus'!$F$2:$G$16,2,FALSE),IF(_xlpm.x=0,"",_xlpm.x))) -> https://orcid.org/0009-0002-6669-2911 | Q81: =IF(Table3[[#This Row],[Collector2]]="","", _xlfn.LET(_xlpm.x,VLOOKUP(Table3[[#This Row],[Collector2]],'Drop-down_menus'!$F$2:$G$16,2,FALSE),IF(_xlpm.x=0,"",_xlpm.x))) | R81: =IF(Table3[[#This Row],[Collector3]]="","", _xlfn.LET(_xlpm.x,VLOOKUP(Table3[[#This Row],[Collector3]],'Drop-down_menus'!$F$2:$G$16,2,FALSE),IF(_xlpm.x=0,"",_xlpm.x))) -> https://orcid.org/0000-0003-3696-4445 | S81: =IF(Table3[[#This Row],[Collector4]]="","", _xlfn.LET(_xlpm.x,VLOOKUP(Table3[[#This Row],[Collector4]],'Drop-down_menus'!$F$2:$G$16,2,FALSE),IF(_xlpm.x=0,"",_xlpm.x))) | Y81: 0 | AA81: 1505 | AB81: 1510 | AD81: 65.145773 | AE81: 63.971766
A82: Girard Bay | B82: https://data.aad.gov.au/aadc/gaz/scar/display_name.cfm?gaz_id=109032 | C82: NIS_41 | D82: =_xlfn.TEXTBEFORE(Table3[[#This Row],[eventID]],"_") -> NIS | E82: 45339 | G82: 0.61388889 | H82: 0.61527778 | I82: 14:44-03:00/14:46-03:00 | J82: 2024-02-17 | K82: =H82-G82 -> 0.0013888889 | L82: Axelle Brusselman | M82: Manon Bayat | N82: Anthony Voisin | O82: Adam Coerper | P82: =IF(Table3[[#This Row],[Collector1]]="","", _xlfn.LET(_xlpm.x,VLOOKUP(Table3[[#This Row],[Collector1]],'Drop-down_menus'!$F$2:$G$16,2,FALSE),IF(_xlpm.x=0,"",_xlpm.x))) -> https://orcid.org/0009-0002-6669-2911 | Q82: =IF(Table3[[#This Row],[Collector2]]="","", _xlfn.LET(_xlpm.x,VLOOKUP(Table3[[#This Row],[Collector2]],'Drop-down_menus'!$F$2:$G$16,2,FALSE),IF(_xlpm.x=0,"",_xlpm.x))) | R82: =IF(Table3[[#This Row],[Collector3]]="","", _xlfn.LET(_xlpm.x,VLOOKUP(Table3[[#This Row],[Collector3]],'Drop-down_menus'!$F$2:$G$16,2,FALSE),IF(_xlpm.x=0,"",_xlpm.x))) -> https://orcid.org/0000-0003-3696-4445 | S82: =IF(Table3[[#This Row],[Collector4]]="","", _xlfn.LET(_xlpm.x,VLOOKUP(Table3[[#This Row],[Collector4]],'Drop-down_menus'!$F$2:$G$16,2,FALSE),IF(_xlpm.x=0,"",_xlpm.x))) | Y82: 0 | AA82: 1511 | AB82: 1516
A83: Girard Bay | B83: https://data.aad.gov.au/aadc/gaz/scar/display_name.cfm?gaz_id=109032 | C83: NIS_42 | D83: =_xlfn.TEXTBEFORE(Table3[[#This Row],[eventID]],"_") -> NIS | E83: 45339 | G83: 0.62222222 | H83: 0.62361111 | I83: 14:56-03:00/14:58-03:00 | J83: 2024-02-17 | K83: =H83-G83 -> 0.0013888889 | L83: Axelle Brusselman | M83: Manon Bayat | N83: Anthony Voisin | O83: Adam Coerper | P83: =IF(Table3[[#This Row],[Collector1]]="","", _xlfn.LET(_xlpm.x,VLOOKUP(Table3[[#This Row],[Collector1]],'Drop-down_menus'!$F$2:$G$16,2,FALSE),IF(_xlpm.x=0,"",_xlpm.x))) -> https://orcid.org/0009-0002-6669-2911 | Q83: =IF(Table3[[#This Row],[Collector2]]="","", _xlfn.LET(_xlpm.x,VLOOKUP(Table3[[#This Row],[Collector2]],'Drop-down_menus'!$F$2:$G$16,2,FALSE),IF(_xlpm.x=0,"",_xlpm.x))) | R83: =IF(Table3[[#This Row],[Collector3]]="","", _xlfn.LET(_xlpm.x,VLOOKUP(Table3[[#This Row],[Collector3]],'Drop-down_menus'!$F$2:$G$16,2,FALSE),IF(_xlpm.x=0,"",_xlpm.x))) -> https://orcid.org/0000-0003-3696-4445 | S83: =IF(Table3[[#This Row],[Collector4]]="","", _xlfn.LET(_xlpm.x,VLOOKUP(Table3[[#This Row],[Collector4]],'Drop-down_menus'!$F$2:$G$16,2,FALSE),IF(_xlpm.x=0,"",_xlpm.x))) | Y83: 0 | AA83: 1517 | AB83: 1522
A84: Girard Bay | B84: https://data.aad.gov.au/aadc/gaz/scar/display_name.cfm?gaz_id=109032 | C84: NIS_43 | D84: =_xlfn.TEXTBEFORE(Table3[[#This Row],[eventID]],"_") -> NIS | E84: 45339 | G84: 0.625 | H84: 0.62638889 | I84: 15:00-03:00/15:02-03:00 | J84: 2024-02-17 | K84: =H84-G84 -> 0.0013888889 | L84: Axelle Brusselman | M84: Manon Bayat | N84: Anthony Voisin | O84: Adam Coerper | P84: =IF(Table3[[#This Row],[Collector1]]="","", _xlfn.LET(_xlpm.x,VLOOKUP(Table3[[#This Row],[Collector1]],'Drop-down_menus'!$F$2:$G$16,2,FALSE),IF(_xlpm.x=0,"",_xlpm.x))) -> https://orcid.org/0009-0002-6669-2911 | Q84: =IF(Table3[[#This Row],[Collector2]]="","", _xlfn.LET(_xlpm.x,VLOOKUP(Table3[[#This Row],[Collector2]],'Drop-down_menus'!$F$2:$G$16,2,FALSE),IF(_xlpm.x=0,"",_xlpm.x))) | R84: =IF(Table3[[#This Row],[Collector3]]="","", _xlfn.LET(_xlpm.x,VLOOKUP(Table3[[#This Row],[Collector3]],'Drop-down_menus'!$F$2:$G$16,2,FALSE),IF(_xlpm.x=0,"",_xlpm.x))) -> https://orcid.org/0000-0003-3696-4445 | S84: =IF(Table3[[#This Row],[Collector4]]="","", _xlfn.LET(_xlpm.x,VLOOKUP(Table3[[#This Row],[Collector4]],'Drop-down_menus'!$F$2:$G$16,2,FALSE),IF(_xlpm.x=0,"",_xlpm.x))) | Y84: 0 | AA84: 1523 | AB84: 1528
A85: Girard Bay | B85: https://data.aad.gov.au/aadc/gaz/scar/display_name.cfm?gaz_id=109032 | C85: NIS_44 | D85: =_xlfn.TEXTBEFORE(Table3[[#This Row],[eventID]],"_") -> NIS | E85: 45339 | G85: 0.63055556 | H85: 0.63194444 | I85: 15:08-03:00/15:10-03:00 | J85: 2024-02-17 | K85: =H85-G85 -> 0.0013888889 | L85: Axelle Brusselman | M85: Manon Bayat | N85: Anthony Voisin | O85: Adam Coerper | P85: =IF(Table3[[#This Row],[Collector1]]="","", _xlfn.LET(_xlpm.x,VLOOKUP(Table3[[#This Row],[Collector1]],'Drop-down_menus'!$F$2:$G$16,2,FALSE),IF(_xlpm.x=0,"",_xlpm.x))) -> https://orcid.org/0009-0002-6669-2911 | Q85: =IF(Table3[[#This Row],[Collector2]]="","", _xlfn.LET(_xlpm.x,VLOOKUP(Table3[[#This Row],[Collector2]],'Drop-down_menus'!$F$2:$G$16,2,FALSE),IF(_xlpm.x=0,"",_xlpm.x))) | R85: =IF(Table3[[#This Row],[Collector3]]="","", _xlfn.LET(_xlpm.x,VLOOKUP(Table3[[#This Row],[Collector3]],'Drop-down_menus'!$F$2:$G$16,2,FALSE),IF(_xlpm.x=0,"",_xlpm.x))) -> https://orcid.org/0000-0003-3696-4445 | S85: =IF(Table3[[#This Row],[Collector4]]="","", _xlfn.LET(_xlpm.x,VLOOKUP(Table3[[#This Row],[Collector4]],'Drop-down_menus'!$F$2:$G$16,2,FALSE),IF(_xlpm.x=0,"",_xlpm.x))) | Y85: 0 | AA85: 1529 | AB85: 1534
A86: Girard Bay | B86: https://data.aad.gov.au/aadc/gaz/scar/display_name.cfm?gaz_id=109032 | C86: NIS_45 | D86: =_xlfn.TEXTBEFORE(Table3[[#This Row],[eventID]],"_") -> NIS | E86: 45339 | G86: 0.63541667 | H86: 0.63541667 | I86: 15:15-03:00/15:15-03:00 | J86: 2024-02-17 | K86: =H86-G86 -> 0 | L86: Axelle Brusselman | M86: Manon Bayat | N86: Anthony Voisin | O86: Adam Coerper | P86: =IF(Table3[[#This Row],[Collector1]]="","", _xlfn.LET(_xlpm.x,VLOOKUP(Table3[[#This Row],[Collector1]],'Drop-down_menus'!$F$2:$G$16,2,FALSE),IF(_xlpm.x=0,"",_xlpm.x))) -> https://orcid.org/0009-0002-6669-2911 | Q86: =IF(Table3[[#This Row],[Collector2]]="","", _xlfn.LET(_xlpm.x,VLOOKUP(Table3[[#This Row],[Collector2]],'Drop-down_menus'!$F$2:$G$16,2,FALSE),IF(_xlpm.x=0,"",_xlpm.x))) | R86: =IF(Table3[[#This Row],[Collector3]]="","", _xlfn.LET(_xlpm.x,VLOOKUP(Table3[[#This Row],[Collector3]],'Drop-down_menus'!$F$2:$G$16,2,FALSE),IF(_xlpm.x=0,"",_xlpm.x))) -> https://orcid.org/0000-0003-3696-4445 | S86: =IF(Table3[[#This Row],[Collector4]]="","", _xlfn.LET(_xlpm.x,VLOOKUP(Table3[[#This Row],[Collector4]],'Drop-down_menus'!$F$2:$G$16,2,FALSE),IF(_xlpm.x=0,"",_xlpm.x))) | Y86: 0 | AA86: 1535 | AB86: 1540
A87: Girard Bay | B87: https://data.aad.gov.au/aadc/gaz/scar/display_name.cfm?gaz_id=109032 | C87: NIS_46 | D87: =_xlfn.TEXTBEFORE(Table3[[#This Row],[eventID]],"_") -> NIS | E87: 45339 | G87: 0.63958333 | H87: 0.64097222 | I87: 15:21-03:00/15:23-03:00 | J87: 2024-02-17 | K87: =H87-G87 -> 0.0013888889 | L87: Axelle Brusselman | M87: Manon Bayat | N87: Anthony Voisin | O87: Adam Coerper | P87: =IF(Table3[[#This Row],[Collector1]]="","", _xlfn.LET(_xlpm.x,VLOOKUP(Table3[[#This Row],[Collector1]],'Drop-down_menus'!$F$2:$G$16,2,FALSE),IF(_xlpm.x=0,"",_xlpm.x))) -> https://orcid.org/0009-0002-6669-2911 | Q87: =IF(Table3[[#This Row],[Collector2]]="","", _xlfn.LET(_xlpm.x,VLOOKUP(Table3[[#This Row],[Collector2]],'Drop-down_menus'!$F$2:$G$16,2,FALSE),IF(_xlpm.x=0,"",_xlpm.x))) | R87: =IF(Table3[[#This Row],[Collector3]]="","", _xlfn.LET(_xlpm.x,VLOOKUP(Table3[[#This Row],[Collector3]],'Drop-down_menus'!$F$2:$G$16,2,FALSE),IF(_xlpm.x=0,"",_xlpm.x))) -> https://orcid.org/0000-0003-3696-4445 | S87: =IF(Table3[[#This Row],[Collector4]]="","", _xlfn.LET(_xlpm.x,VLOOKUP(Table3[[#This Row],[Collector4]],'Drop-down_menus'!$F$2:$G$16,2,FALSE),IF(_xlpm.x=0,"",_xlpm.x))) | Y87: 0 | AA87: 1541 | AB87: 1546
A88: Girard Bay | B88: https://data.aad.gov.au/aadc/gaz/scar/display_name.cfm?gaz_id=109032 | C88: NIS_47 | D88: =_xlfn.TEXTBEFORE(Table3[[#This Row],[eventID]],"_") -> NIS | E88: 45339 | G88: 0.64375 | H88: 0.64513889 | I88: 15:27-03:00/15:29-03:00 | J88: 2024-02-17 | K88: =H88-G88 -> 0.0013888889 | L88: Axelle Brusselman | M88: Manon Bayat | N88: Anthony Voisin | O88: Adam Coerper | P88: =IF(Table3[[#This Row],[Collector1]]="","", _xlfn.LET(_xlpm.x,VLOOKUP(Table3[[#This Row],[Collector1]],'Drop-down_menus'!$F$2:$G$16,2,FALSE),IF(_xlpm.x=0,"",_xlpm.x))) -> https://orcid.org/0009-0002-6669-2911 | Q88: =IF(Table3[[#This Row],[Collector2]]="","", _xlfn.LET(_xlpm.x,VLOOKUP(Table3[[#This Row],[Collector2]],'Drop-down_menus'!$F$2:$G$16,2,FALSE),IF(_xlpm.x=0,"",_xlpm.x))) | R88: =IF(Table3[[#This Row],[Collector3]]="","", _xlfn.LET(_xlpm.x,VLOOKUP(Table3[[#This Row],[Collector3]],'Drop-down_menus'!$F$2:$G$16,2,FALSE),IF(_xlpm.x=0,"",_xlpm.x))) -> https://orcid.org/0000-0003-3696-4445 | S88: =IF(Table3[[#This Row],[Collector4]]="","", _xlfn.LET(_xlpm.x,VLOOKUP(Table3[[#This Row],[Collector4]],'Drop-down_menus'!$F$2:$G$16,2,FALSE),IF(_xlpm.x=0,"",_xlpm.x))) | Y88: 0 | AA88: 1547 | AB88: 1552
A89: Girard Bay | B89: https://data.aad.gov.au/aadc/gaz/scar/display_name.cfm?gaz_id=109032 | C89: NIS_48 | D89: =_xlfn.TEXTBEFORE(Table3[[#This Row],[eventID]],"_") -> NIS | E89: 45339 | G89: 0.64791667 | H89: 0.64930556 | I89: 15:33-03:00/15:35-03:00 | J89: 2024-02-17 | K89: =H89-G89 -> 0.0013888889 | L89: Axelle Brusselman | M89: Manon Bayat | N89: Anthony Voisin | O89: Adam Coerper | P89: =IF(Table3[[#This Row],[Collector1]]="","", _xlfn.LET(_xlpm.x,VLOOKUP(Table3[[#This Row],[Collector1]],'Drop-down_menus'!$F$2:$G$16,2,FALSE),IF(_xlpm.x=0,"",_xlpm.x))) -> https://orcid.org/0009-0002-6669-2911 | Q89: =IF(Table3[[#This Row],[Collector2]]="","", _xlfn.LET(_xlpm.x,VLOOKUP(Table3[[#This Row],[Collector2]],'Drop-down_menus'!$F$2:$G$16,2,FALSE),IF(_xlpm.x=0,"",_xlpm.x))) | R89: =IF(Table3[[#This Row],[Collector3]]="","", _xlfn.LET(_xlpm.x,VLOOKUP(Table3[[#This Row],[Collector3]],'Drop-down_menus'!$F$2:$G$16,2,FALSE),IF(_xlpm.x=0,"",_xlpm.x))) -> https://orcid.org/0000-0003-3696-4445 | S89: =IF(Table3[[#This Row],[Collector4]]="","", _xlfn.LET(_xlpm.x,VLOOKUP(Table3[[#This Row],[Collector4]],'Drop-down_menus'!$F$2:$G$16,2,FALSE),IF(_xlpm.x=0,"",_xlpm.x))) | Y89: 0 | AA89: 1553 | AB89: 1558
A90: Hovgaard Islands | B90: https://data.aad.gov.au/aadc/gaz/scar/display_name.cfm?gaz_id=109398 | C90: DIV_14 | D90: =_xlfn.TEXTBEFORE(Table3[[#This Row],[eventID]],"_") -> DIV | E90: 45339 | G90: 0.71041667 | H90: 0.73611111 | I90: 17:03-03:00/17:40-03:00 | J90: 2024-02-17 | K90: =H90-G90 -> 0.025694444 | L90: Camille Moreau | M90: Lucas Terrana | P90: =IF(Table3[[#This Row],[Collector1]]="","", _xlfn.LET(_xlpm.x,VLOOKUP(Table3[[#This Row],[Collector1]],'Drop-down_menus'!$F$2:$G$16,2,FALSE),IF(_xlpm.x=0,"",_xlpm.x))) -> https://orcid.org/0000-0002-0981-7442 | Q90: =IF(Table3[[#This Row],[Collector2]]="","", _xlfn.LET(_xlpm.x,VLOOKUP(Table3[[#This Row],[Collector2]],'Drop-down_menus'!$F$2:$G$16,2,FALSE),IF(_xlpm.x=0,"",_xlpm.x))) -> https://orcid.org/0000-0001-5767-3220 | R90: =IF(Table3[[#This Row],[Collector3]]="","", _xlfn.LET(_xlpm.x,VLOOKUP(Table3[[#This Row],[Collector3]],'Drop-down_menus'!$F$2:$G$16,2,FALSE),IF(_xlpm.x=0,"",_xlpm.x))) | S90: =IF(Table3[[#This Row],[Collector4]]="","", _xlfn.LET(_xlpm.x,VLOOKUP(Table3[[#This Row],[Collector4]],'Drop-down_menus'!$F$2:$G$16,2,FALSE),IF(_xlpm.x=0,"",_xlpm.x))) | T90: 65°06,079 | U90: 64°04,951 | Y90: 20
A91: Hovgaard Islands | B91: https://data.aad.gov.au/aadc/gaz/scar/display_name.cfm?gaz_id=109398 | C91: ST_2 | D91: =_xlfn.TEXTBEFORE(Table3[[#This Row],[eventID]],"_") -> ST | E91: 45339 | F91: 45343 | G91: 0.75625 | H91: 0.59722222 | J91: 2024-02-17T18:09-03:00/2024-02-21T14:20-03:00 | K91: =-((E91+G91)-(F91+H91))*24 -> 92.183333 | L91: Axelle Brusselman | M91: Adam Coerper | P91: =IF(Table3[[#This Row],[Collector1]]="","", _xlfn.LET(_xlpm.x,VLOOKUP(Table3[[#This Row],[Collector1]],'Drop-down_menus'!$F$2:$G$16,2,FALSE),IF(_xlpm.x=0,"",_xlpm.x))) -> https://orcid.org/0009-0002-6669-2911 | Q91: =IF(Table3[[#This Row],[Collector2]]="","", _xlfn.LET(_xlpm.x,VLOOKUP(Table3[[#This Row],[Collector2]],'Drop-down_menus'!$F$2:$G$16,2,FALSE),IF(_xlpm.x=0,"",_xlpm.x))) | R91: =IF(Table3[[#This Row],[Collector3]]="","", _xlfn.LET(_xlpm.x,VLOOKUP(Table3[[#This Row],[Collector3]],'Drop-down_menus'!$F$2:$G$16,2,FALSE),IF(_xlpm.x=0,"",_xlpm.x))) | S91: =IF(Table3[[#This Row],[Collector4]]="","", _xlfn.LET(_xlpm.x,VLOOKUP(Table3[[#This Row],[Collector4]],'Drop-down_menus'!$F$2:$G$16,2,FALSE),IF(_xlpm.x=0,"",_xlpm.x))) | T91: 65°6,445 | U91: 64°4,483 | AA91: 3166 | AB91: 3175 | AD91: 65.103909 | AE91: 64.084684
A92: Hovgaard Islands | B92: https://data.aad.gov.au/aadc/gaz/scar/display_name.cfm?gaz_id=109398 | C92: AT_3 | D92: =_xlfn.TEXTBEFORE(Table3[[#This Row],[eventID]],"_") -> AT | E92: 45339 | F92: 45341 | G92: 0.73958333 | H92: 0.66666667 | J92: 2024-02-17T17:45-03:00/2024-02-19T16:00-03:00 | K92: =-((E92+G92)-(F92+H92))*24 -> 46.25 | L92: Henri Robert | M92: Adam Coerper | P92: =IF(Table3[[#This Row],[Collector1]]="","", _xlfn.LET(_xlpm.x,VLOOKUP(Table3[[#This Row],[Collector1]],'Drop-down_menus'!$F$2:$G$16,2,FALSE),IF(_xlpm.x=0,"",_xlpm.x))) | Q92: =IF(Table3[[#This Row],[Collector2]]="","", _xlfn.LET(_xlpm.x,VLOOKUP(Table3[[#This Row],[Collector2]],'Drop-down_menus'!$F$2:$G$16,2,FALSE),IF(_xlpm.x=0,"",_xlpm.x))) | R92: =IF(Table3[[#This Row],[Collector3]]="","", _xlfn.LET(_xlpm.x,VLOOKUP(Table3[[#This Row],[Collector3]],'Drop-down_menus'!$F$2:$G$16,2,FALSE),IF(_xlpm.x=0,"",_xlpm.x))) | S92: =IF(Table3[[#This Row],[Collector4]]="","", _xlfn.LET(_xlpm.x,VLOOKUP(Table3[[#This Row],[Collector4]],'Drop-down_menus'!$F$2:$G$16,2,FALSE),IF(_xlpm.x=0,"",_xlpm.x))) | T92: 65°06,24 | U92: 64°51,54
A93: Hovgaard Islands | B93: https://data.aad.gov.au/aadc/gaz/scar/display_name.cfm?gaz_id=109398 | C93: ROV_11 | D93: =_xlfn.TEXTBEFORE(Table3[[#This Row],[eventID]],"_") -> ROV | E93: 45339 | G93: 0.70833333 | H93: 0.72916667 | I93: 17:00-03:00/17:30-03:00 | J93: 2024-02-17 | K93: =H93-G93 -> 0.020833333 | L93: Lea Katz | M93: Henri Robert | P93: =IF(Table3[[#This Row],[Collector1]]="","", _xlfn.LET(_xlpm.x,VLOOKUP(Table3[[#This Row],[Collector1]],'Drop-down_menus'!$F$2:$G$16,2,FALSE),IF(_xlpm.x=0,"",_xlpm.x))) -> https://orcid.org/0000-0001-5748-602X | Q93: =IF(Table3[[#This Row],[Collector2]]="","", _xlfn.LET(_xlpm.x,VLOOKUP(Table3[[#This Row],[Collector2]],'Drop-down_menus'!$F$2:$G$16,2,FALSE),IF(_xlpm.x=0,"",_xlpm.x))) | R93: =IF(Table3[[#This Row],[Collector3]]="","", _xlfn.LET(_xlpm.x,VLOOKUP(Table3[[#This Row],[Collector3]],'Drop-down_menus'!$F$2:$G$16,2,FALSE),IF(_xlpm.x=0,"",_xlpm.x))) | S93: =IF(Table3[[#This Row],[Collector4]]="","", _xlfn.LET(_xlpm.x,VLOOKUP(Table3[[#This Row],[Collector4]],'Drop-down_menus'!$F$2:$G$16,2,FALSE),IF(_xlpm.x=0,"",_xlpm.x))) | T93: 65°06,079 | U93: 64°04,951
A94: Hovgaard Islands | B94: https://data.aad.gov.au/aadc/gaz/scar/display_name.cfm?gaz_id=109398 | C94: RD_7 | D94: =_xlfn.TEXTBEFORE(Table3[[#This Row],[eventID]],"_") -> RD | E94: 45340 | G94: 0.34722222 | H94: 0.36111111 | I94: 08:20-03:00/08:40-03:00 | J94: 2024-02-18 | K94: =H94-G94 -> 0.013888889 | L94: Henri Robert | P94: =IF(Table3[[#This Row],[Collector1]]="","", _xlfn.LET(_xlpm.x,VLOOKUP(Table3[[#This Row],[Collector1]],'Drop-down_menus'!$F$2:$G$16,2,FALSE),IF(_xlpm.x=0,"",_xlpm.x))) | Q94: =IF(Table3[[#This Row],[Collector2]]="","", _xlfn.LET(_xlpm.x,VLOOKUP(Table3[[#This Row],[Collector2]],'Drop-down_menus'!$F$2:$G$16,2,FALSE),IF(_xlpm.x=0,"",_xlpm.x))) | R94: =IF(Table3[[#This Row],[Collector3]]="","", _xlfn.LET(_xlpm.x,VLOOKUP(Table3[[#This Row],[Collector3]],'Drop-down_menus'!$F$2:$G$16,2,FALSE),IF(_xlpm.x=0,"",_xlpm.x))) | S94: =IF(Table3[[#This Row],[Collector4]]="","", _xlfn.LET(_xlpm.x,VLOOKUP(Table3[[#This Row],[Collector4]],'Drop-down_menus'!$F$2:$G$16,2,FALSE),IF(_xlpm.x=0,"",_xlpm.x))) | T94: 65°06,227 | U94: 64°05,02 | V94: 65°06,234 | W94: 64°04,865 | X94: 18 | Y94: 23 | AA94: 1591 | AB94: 1606
A95: Hovgaard Islands | B95: https://data.aad.gov.au/aadc/gaz/scar/display_name.cfm?gaz_id=109398 | C95: DIV_15 | D95: =_xlfn.TEXTBEFORE(Table3[[#This Row],[eventID]],"_") -> DIV | E95: 45340 | G95: 0.38402778 | H95: 0.41666667 | I95: 09:13-03:00/10:00-03:00 | J95: 2024-02-18 | K95: =H95-G95 -> 0.032638889 | L95: Lea Katz | M95: Lucas Terrana | N95: Alice Reade | P95: =IF(Table3[[#This Row],[Collector1]]="","", _xlfn.LET(_xlpm.x,VLOOKUP(Table3[[#This Row],[Collector1]],'Drop-down_menus'!$F$2:$G$16,2,FALSE),IF(_xlpm.x=0,"",_xlpm.x))) -> https://orcid.org/0000-0001-5748-602X | Q95: =IF(Table3[[#This Row],[Collector2]]="","", _xlfn.LET(_xlpm.x,VLOOKUP(Table3[[#This Row],[Collector2]],'Drop-down_menus'!$F$2:$G$16,2,FALSE),IF(_xlpm.x=0,"",_xlpm.x))) -> https://orcid.org/0000-0001-5767-3220 | R95: =IF(Table3[[#This Row],[Collector3]]="","", _xlfn.LET(_xlpm.x,VLOOKUP(Table3[[#This Row],[Collector3]],'Drop-down_menus'!$F$2:$G$16,2,FALSE),IF(_xlpm.x=0,"",_xlpm.x))) | S95: =IF(Table3[[#This Row],[Collector4]]="","", _xlfn.LET(_xlpm.x,VLOOKUP(Table3[[#This Row],[Collector4]],'Drop-down_menus'!$F$2:$G$16,2,FALSE),IF(_xlpm.x=0,"",_xlpm.x))) | T95: 65°06,2195 | U95: 64°05,089 | Y95: 15 | AA95: 1606 | AB95: 1676 | AD95: 65.106638 | AE95: 64.075528
A96: Hovgaard Islands | B96: https://data.aad.gov.au/aadc/gaz/scar/display_name.cfm?gaz_id=109398 | C96: DIV_16 | D96: =_xlfn.TEXTBEFORE(Table3[[#This Row],[eventID]],"_") -> DIV | E96: 45340 | G96: 0.3875 | H96: 0.41319444 | I96: 09:18-03:00/09:55-03:00 | J96: 2024-02-18 | K96: =H96-G96 -> 0.025694444 | L96: Camille Moreau | M96: Martin Dogniez | P96: =IF(Table3[[#This Row],[Collector1]]="","", _xlfn.LET(_xlpm.x,VLOOKUP(Table3[[#This Row],[Collector1]],'Drop-down_menus'!$F$2:$G$16,2,FALSE),IF(_xlpm.x=0,"",_xlpm.x))) -> https://orcid.org/0000-0002-0981-7442 | Q96: =IF(Table3[[#This Row],[Collector2]]="","", _xlfn.LET(_xlpm.x,VLOOKUP(Table3[[#This Row],[Collector2]],'Drop-down_menus'!$F$2:$G$16,2,FALSE),IF(_xlpm.x=0,"",_xlpm.x))) -> https://orcid.org/0000-0002-9708-1761 | R96: =IF(Table3[[#This Row],[Collector3]]="","", _xlfn.LET(_xlpm.x,VLOOKUP(Table3[[#This Row],[Collector3]],'Drop-down_menus'!$F$2:$G$16,2,FALSE),IF(_xlpm.x=0,"",_xlpm.x))) | S96: =IF(Table3[[#This Row],[Collector4]]="","", _xlfn.LET(_xlpm.x,VLOOKUP(Table3[[#This Row],[Collector4]],'Drop-down_menus'!$F$2:$G$16,2,FALSE),IF(_xlpm.x=0,"",_xlpm.x))) | Y96: 20 | AA96: 1690 | AB96: 2000 | AD96: 65.062195 | AE96: 64.05089
A97: Hovgaard Islands | B97: https://data.aad.gov.au/aadc/gaz/scar/display_name.cfm?gaz_id=109398 | C97: ROV_12 | D97: =_xlfn.TEXTBEFORE(Table3[[#This Row],[eventID]],"_") -> ROV | E97: 45340 | G97: 0.66666667 | H97: 0.70833333 | I97: 16:00-03:00/17:00-03:00 | J97: 2024-02-18 | K97: =H97-G97 -> 0.041666667 | L97: Lea Katz | M97: Henri Robert | P97: =IF(Table3[[#This Row],[Collector1]]="","", _xlfn.LET(_xlpm.x,VLOOKUP(Table3[[#This Row],[Collector1]],'Drop-down_menus'!$F$2:$G$16,2,FALSE),IF(_xlpm.x=0,"",_xlpm.x))) -> https://orcid.org/0000-0001-5748-602X | Q97: =IF(Table3[[#This Row],[Collector2]]="","", _xlfn.LET(_xlpm.x,VLOOKUP(Table3[[#This Row],[Collector2]],'Drop-down_menus'!$F$2:$G$16,2,FALSE),IF(_xlpm.x=0,"",_xlpm.x))) | R97: =IF(Table3[[#This Row],[Collector3]]="","", _xlfn.LET(_xlpm.x,VLOOKUP(Table3[[#This Row],[Collector3]],'Drop-down_menus'!$F$2:$G$16,2,FALSE),IF(_xlpm.x=0,"",_xlpm.x))) | S97: =IF(Table3[[#This Row],[Collector4]]="","", _xlfn.LET(_xlpm.x,VLOOKUP(Table3[[#This Row],[Collector4]],'Drop-down_menus'!$F$2:$G$16,2,FALSE),IF(_xlpm.x=0,"",_xlpm.x))) | T97: 65°06,079 | U97: 64°04,951 | AA97: 1676 | AB97: 1686
A98: Hovgaard Islands | B98: https://data.aad.gov.au/aadc/gaz/scar/display_name.cfm?gaz_id=109398 | C98: NIS_49 | D98: =_xlfn.TEXTBEFORE(Table3[[#This Row],[eventID]],"_") -> NIS | E98: 45340 | G98: 0.60416667 | H98: 0.60763889 | I98: 14:30-03:00/14:35-03:00 | J98: 2024-02-18 | K98: =H98-G98 -> 0.0034722222 | L98: Axelle Brusselman | M98: Alice Reade | P98: =IF(Table3[[#This Row],[Collector1]]="","", _xlfn.LET(_xlpm.x,VLOOKUP(Table3[[#This Row],[Collector1]],'Drop-down_menus'!$F$2:$G$16,2,FALSE),IF(_xlpm.x=0,"",_xlpm.x))) -> https://orcid.org/0009-0002-6669-2911 | Q98: =IF(Table3[[#This Row],[Collector2]]="","", _xlfn.LET(_xlpm.x,VLOOKUP(Table3[[#This Row],[Collector2]],'Drop-down_menus'!$F$2:$G$16,2,FALSE),IF(_xlpm.x=0,"",_xlpm.x))) | R98: =IF(Table3[[#This Row],[Collector3]]="","", _xlfn.LET(_xlpm.x,VLOOKUP(Table3[[#This Row],[Collector3]],'Drop-down_menus'!$F$2:$G$16,2,FALSE),IF(_xlpm.x=0,"",_xlpm.x))) | S98: =IF(Table3[[#This Row],[Collector4]]="","", _xlfn.LET(_xlpm.x,VLOOKUP(Table3[[#This Row],[Collector4]],'Drop-down_menus'!$F$2:$G$16,2,FALSE),IF(_xlpm.x=0,"",_xlpm.x))) | AA98: 2001 | AB98: 2006 | AD98: 65.10596 | AE98: 64.120036
A99: Hovgaard Islands | B99: https://data.aad.gov.au/aadc/gaz/scar/display_name.cfm?gaz_id=109398 | C99: NIS_50 | D99: =_xlfn.TEXTBEFORE(Table3[[#This Row],[eventID]],"_") -> NIS | E99: 45340 | G99: 0.625 | H99: 0.62847222 | I99: 15:00-03:00/15:05-03:00 | J99: 2024-02-18 | K99: =H99-G99 -> 0.0034722222 | L99: Axelle Brusselman | M99: Alice Reade | P99: =IF(Table3[[#This Row],[Collector1]]="","", _xlfn.LET(_xlpm.x,VLOOKUP(Table3[[#This Row],[Collector1]],'Drop-down_menus'!$F$2:$G$16,2,FALSE),IF(_xlpm.x=0,"",_xlpm.x))) -> https://orcid.org/0009-0002-6669-2911 | Q99: =IF(Table3[[#This Row],[Collector2]]="","", _xlfn.LET(_xlpm.x,VLOOKUP(Table3[[#This Row],[Collector2]],'Drop-down_menus'!$F$2:$G$16,2,FALSE),IF(_xlpm.x=0,"",_xlpm.x))) | R99: =IF(Table3[[#This Row],[Collector3]]="","", _xlfn.LET(_xlpm.x,VLOOKUP(Table3[[#This Row],[Collector3]],'Drop-down_menus'!$F$2:$G$16,2,FALSE),IF(_xlpm.x=0,"",_xlpm.x))) | S99: =IF(Table3[[#This Row],[Collector4]]="","", _xlfn.LET(_xlpm.x,VLOOKUP(Table3[[#This Row],[Collector4]],'Drop-down_menus'!$F$2:$G$16,2,FALSE),IF(_xlpm.x=0,"",_xlpm.x))) | AA99: =AA98+6 -> 2007 | AB99: =AB98+6 -> 2012 | AD99: 65.106447 | AE99: 64.115325
A100: Hovgaard Islands | B100: https://data.aad.gov.au/aadc/gaz/scar/display_name.cfm?gaz_id=109398 | C100: NIS_51 | D100: =_xlfn.TEXTBEFORE(Table3[[#This Row],[eventID]],"_") -> NIS | E100: 45340 | G100: 0.62986111 | H100: 0.63333333 | I100: 15:07-03:00/15:12-03:00 | J100: 2024-02-18 | K100: =H100-G100 -> 0.0034722222 | L100: Axelle Brusselman | M100: Alice Reade | P100: =IF(Table3[[#This Row],[Collector1]]="","", _xlfn.LET(_xlpm.x,VLOOKUP(Table3[[#This Row],[Collector1]],'Drop-down_menus'!$F$2:$G$16,2,FALSE),IF(_xlpm.x=0,"",_xlpm.x))) -> https://orcid.org/0009-0002-6669-2911 | Q100: =IF(Table3[[#This Row],[Collector2]]="","", _xlfn.LET(_xlpm.x,VLOOKUP(Table3[[#This Row],[Collector2]],'Drop-down_menus'!$F$2:$G$16,2,FALSE),IF(_xlpm.x=0,"",_xlpm.x))) | R100: =IF(Table3[[#This Row],[Collector3]]="","", _xlfn.LET(_xlpm.x,VLOOKUP(Table3[[#This Row],[Collector3]],'Drop-down_menus'!$F$2:$G$16,2,FALSE),IF(_xlpm.x=0,"",_xlpm.x))) | S100: =IF(Table3[[#This Row],[Collector4]]="","", _xlfn.LET(_xlpm.x,VLOOKUP(Table3[[#This Row],[Collector4]],'Drop-down_menus'!$F$2:$G$16,2,FALSE),IF(_xlpm.x=0,"",_xlpm.x))) | AA100: =AA99+6 -> 2013 | AB100: =AB99+6 -> 2018 | AD100: 65.10616 | AE100: 64.108621
...

Sheet Samples
A1: EventID | B1: ParentSampleID | C1: SampleID | D1: sampleType | E1: Parameter | F1: verbatimScientificName | G1: individualCount | H1: verbatimIdentification | I1: scientificName | J1: scientificNameAuthorship | K1: scientificNameID | L1: kingdom | M1: phylum | N1: class | O1: order | P1: family | Q1: genus | R1: specificEpithet | S1: taxonRank | T1: identifiedBy1 | U1: identifiedBy2 | V1: identifiedBy3 | W1: identifiedBy4 | X1: identifiedByID1 | Y1: identifiedByID2 | Z1: identifiedByID3 | AA1: identifiedByID4 | AB1: preservedIn1 | AC1: preservedIn2 | AD1: preservedIn3 | AE1: Container1 | AF1: Container2 | AG1: Container3 | AH1: Remark | AI1: recordedBy1 | AJ1: tangoProject | AK1: occurrenceRemarks
A2: RD_1 | C2: 152 | D2: biota | F2: Porifera | G2: 15 | H2: Porifera | I2: Porifera | J2: =IF($I2="","",_xlfn.LET(_xlpm.x,VLOOKUP($I2,'taxon-match_2026-08-31'!$A$2:$N$122,6,FALSE),IF(_xlpm.x=0,"",_xlpm.x))) -> Grant, 1836 | K2: =IF($I2="","",_xlfn.LET(_xlpm.x,VLOOKUP($I2,'taxon-match_2026-08-31'!$A$2:$N$122,4,FALSE),IF(_xlpm.x=0,"",_xlpm.x))) -> urn:lsid:marinespecies.org:taxname:558 | L2: =IF($I2="","",_xlfn.LET(_xlpm.x,VLOOKUP($I2,'taxon-match_2026-08-31'!$A$2:$N$122,7,FALSE),IF(_xlpm.x=0,"",_xlpm.x))) -> Animalia | M2: =IF($I2="","",_xlfn.LET(_xlpm.x,VLOOKUP($I2,'taxon-match_2026-08-31'!$A$2:$N$122,8,FALSE),IF(_xlpm.x=0,"",_xlpm.x))) -> Porifera | N2: =IF($I2="","",_xlfn.LET(_xlpm.x,VLOOKUP($I2,'taxon-match_2026-08-31'!$A$2:$N$122,9,FALSE),IF(_xlpm.x=0,"",_xlpm.x))) | O2: =IF($I2="","",_xlfn.LET(_xlpm.x,VLOOKUP($I2,'taxon-match_2026-08-31'!$A$2:$N$122,10,FALSE),IF(_xlpm.x=0,"",_xlpm.x))) | P2: =IF($I2="","",_xlfn.LET(_xlpm.x,VLOOKUP($I2,'taxon-match_2026-08-31'!$A$2:$N$122,11,FALSE),IF(_xlpm.x=0,"",_xlpm.x))) | Q2: =IF($I2="","",_xlfn.LET(_xlpm.x,VLOOKUP($I2,'taxon-match_2026-08-31'!$A$2:$N$122,12,FALSE),IF(_xlpm.x=0,"",_xlpm.x))) | R2: =IF($I2="","",_xlfn.LET(_xlpm.x,VLOOKUP($I2,'taxon-match_2026-08-31'!$A$2:$N$122,14,FALSE),IF(_xlpm.x=0,"",_xlpm.x))) | S2: phylum | T2: Henri Robert | U2: Camille Moreau | X2: =IF(T2="","",_xlfn.LET(_xlpm.x,VLOOKUP(T2,'Drop-down_menus'!$F$2:$G$16,2,FALSE),IF(_xlpm.x=0,"",_xlpm.x))) | Y2: =IF(U2="","",_xlfn.LET(_xlpm.x,VLOOKUP(U2,'Drop-down_menus'!$F$2:$G$16,2,FALSE),IF(_xlpm.x=0,"",_xlpm.x))) -> https://orcid.org/0000-0002-0981-7442 | Z2: =IF(V2="","",_xlfn.LET(_xlpm.x,VLOOKUP(V2,'Drop-down_menus'!$F$2:$G$16,2,FALSE),IF(_xlpm.x=0,"",_xlpm.x))) | AA2: =IF(W2="","",_xlfn.LET(_xlpm.x,VLOOKUP(W2,'Drop-down_menus'!$F$2:$G$16,2,FALSE),IF(_xlpm.x=0,"",_xlpm.x))) | AB2: Ethanol 96 | AF2: Kautex 100 ml | AI2: Bruno Danis | AJ2: BIODIVERSITY_MEGABENTHOS
A3: RD_1 | C3: 153 | D3: biota | F3: Invertebrata | H3: Invertebrata | I3: Biota | J3: =IF($I3="","",_xlfn.LET(_xlpm.x,VLOOKUP($I3,'taxon-match_2026-08-31'!$A$2:$N$122,6,FALSE),IF(_xlpm.x=0,"",_xlpm.x))) | K3: =IF($I3="","",_xlfn.LET(_xlpm.x,VLOOKUP($I3,'taxon-match_2026-08-31'!$A$2:$N$122,4,FALSE),IF(_xlpm.x=0,"",_xlpm.x))) -> urn:lsid:marinespecies.org:taxname:1 | L3: =IF($I3="","",_xlfn.LET(_xlpm.x,VLOOKUP($I3,'taxon-match_2026-08-31'!$A$2:$N$122,7,FALSE),IF(_xlpm.x=0,"",_xlpm.x))) | M3: =IF($I3="","",_xlfn.LET(_xlpm.x,VLOOKUP($I3,'taxon-match_2026-08-31'!$A$2:$N$122,8,FALSE),IF(_xlpm.x=0,"",_xlpm.x))) | N3: =IF($I3="","",_xlfn.LET(_xlpm.x,VLOOKUP($I3,'taxon-match_2026-08-31'!$A$2:$N$122,9,FALSE),IF(_xlpm.x=0,"",_xlpm.x))) | O3: =IF($I3="","",_xlfn.LET(_xlpm.x,VLOOKUP($I3,'taxon-match_2026-08-31'!$A$2:$N$122,10,FALSE),IF(_xlpm.x=0,"",_xlpm.x))) | P3: =IF($I3="","",_xlfn.LET(_xlpm.x,VLOOKUP($I3,'taxon-match_2026-08-31'!$A$2:$N$122,11,FALSE),IF(_xlpm.x=0,"",_xlpm.x))) | Q3: =IF($I3="","",_xlfn.LET(_xlpm.x,VLOOKUP($I3,'taxon-match_2026-08-31'!$A$2:$N$122,12,FALSE),IF(_xlpm.x=0,"",_xlpm.x))) | R3: =IF($I3="","",_xlfn.LET(_xlpm.x,VLOOKUP($I3,'taxon-match_2026-08-31'!$A$2:$N$122,14,FALSE),IF(_xlpm.x=0,"",_xlpm.x))) | S3: superdomain | T3: Henri Robert | U3: Camille Moreau | V3: Emil De Borger | X3: =IF(T3="","",_xlfn.LET(_xlpm.x,VLOOKUP(T3,'Drop-down_menus'!$F$2:$G$16,2,FALSE),IF(_xlpm.x=0,"",_xlpm.x))) | Y3: =IF(U3="","",_xlfn.LET(_xlpm.x,VLOOKUP(U3,'Drop-down_menus'!$F$2:$G$16,2,FALSE),IF(_xlpm.x=0,"",_xlpm.x))) -> https://orcid.org/0000-0002-0981-7442 | Z3: =IF(V3="","",_xlfn.LET(_xlpm.x,VLOOKUP(V3,'Drop-down_menus'!$F$2:$G$16,2,FALSE),IF(_xlpm.x=0,"",_xlpm.x))) -> https://orcid.org/0000-0003-4905-1637 | AA3: =IF(W3="","",_xlfn.LET(_xlpm.x,VLOOKUP(W3,'Drop-down_menus'!$F$2:$G$16,2,FALSE),IF(_xlpm.x=0,"",_xlpm.x))) | AB3: Ethanol 96 | AF3: Kautex 100 ml | AH3: Unsorted | AI3: Bruno Danis | AJ3: BIODIVERSITY_MEGABENTHOS
A4: RD_1 | C4: 154 | D4: biota | F4: Invertebrata | H4: Invertebrata | I4: Biota | J4: =IF($I4="","",_xlfn.LET(_xlpm.x,VLOOKUP($I4,'taxon-match_2026-08-31'!$A$2:$N$122,6,FALSE),IF(_xlpm.x=0,"",_xlpm.x))) | K4: =IF($I4="","",_xlfn.LET(_xlpm.x,VLOOKUP($I4,'taxon-match_2026-08-31'!$A$2:$N$122,4,FALSE),IF(_xlpm.x=0,"",_xlpm.x))) -> urn:lsid:marinespecies.org:taxname:1 | L4: =IF($I4="","",_xlfn.LET(_xlpm.x,VLOOKUP($I4,'taxon-match_2026-08-31'!$A$2:$N$122,7,FALSE),IF(_xlpm.x=0,"",_xlpm.x))) | M4: =IF($I4="","",_xlfn.LET(_xlpm.x,VLOOKUP($I4,'taxon-match_2026-08-31'!$A$2:$N$122,8,FALSE),IF(_xlpm.x=0,"",_xlpm.x))) | N4: =IF($I4="","",_xlfn.LET(_xlpm.x,VLOOKUP($I4,'taxon-match_2026-08-31'!$A$2:$N$122,9,FALSE),IF(_xlpm.x=0,"",_xlpm.x))) | O4: =IF($I4="","",_xlfn.LET(_xlpm.x,VLOOKUP($I4,'taxon-match_2026-08-31'!$A$2:$N$122,10,FALSE),IF(_xlpm.x=0,"",_xlpm.x))) | P4: =IF($I4="","",_xlfn.LET(_xlpm.x,VLOOKUP($I4,'taxon-match_2026-08-31'!$A$2:$N$122,11,FALSE),IF(_xlpm.x=0,"",_xlpm.x))) | Q4: =IF($I4="","",_xlfn.LET(_xlpm.x,VLOOKUP($I4,'taxon-match_2026-08-31'!$A$2:$N$122,12,FALSE),IF(_xlpm.x=0,"",_xlpm.x))) | R4: =IF($I4="","",_xlfn.LET(_xlpm.x,VLOOKUP($I4,'taxon-match_2026-08-31'!$A$2:$N$122,14,FALSE),IF(_xlpm.x=0,"",_xlpm.x))) | S4: superdomain | T4: Henri Robert | U4: Camille Moreau | V4: Emil De Borger | X4: =IF(T4="","",_xlfn.LET(_xlpm.x,VLOOKUP(T4,'Drop-down_menus'!$F$2:$G$16,2,FALSE),IF(_xlpm.x=0,"",_xlpm.x))) | Y4: =IF(U4="","",_xlfn.LET(_xlpm.x,VLOOKUP(U4,'Drop-down_menus'!$F$2:$G$16,2,FALSE),IF(_xlpm.x=0,"",_xlpm.x))) -> https://orcid.org/0000-0002-0981-7442 | Z4: =IF(V4="","",_xlfn.LET(_xlpm.x,VLOOKUP(V4,'Drop-down_menus'!$F$2:$G$16,2,FALSE),IF(_xlpm.x=0,"",_xlpm.x))) -> https://orcid.org/0000-0003-4905-1637 | AA4: =IF(W4="","",_xlfn.LET(_xlpm.x,VLOOKUP(W4,'Drop-down_menus'!$F$2:$G$16,2,FALSE),IF(_xlpm.x=0,"",_xlpm.x))) | AB4: Ethanol 96 | AF4: Kautex 100 ml | AH4: Unsorted | AI4: Bruno Danis | AJ4: BIODIVERSITY_MEGABENTHOS
A5: RD_1 | C5: 155 | D5: biota | F5: Algae | G5: 1 | H5: Algae | I5: Biota | J5: =IF($I5="","",_xlfn.LET(_xlpm.x,VLOOKUP($I5,'taxon-match_2026-08-31'!$A$2:$N$122,6,FALSE),IF(_xlpm.x=0,"",_xlpm.x))) | K5: =IF($I5="","",_xlfn.LET(_xlpm.x,VLOOKUP($I5,'taxon-match_2026-08-31'!$A$2:$N$122,4,FALSE),IF(_xlpm.x=0,"",_xlpm.x))) -> urn:lsid:marinespecies.org:taxname:1 | L5: =IF($I5="","",_xlfn.LET(_xlpm.x,VLOOKUP($I5,'taxon-match_2026-08-31'!$A$2:$N$122,7,FALSE),IF(_xlpm.x=0,"",_xlpm.x))) | M5: =IF($I5="","",_xlfn.LET(_xlpm.x,VLOOKUP($I5,'taxon-match_2026-08-31'!$A$2:$N$122,8,FALSE),IF(_xlpm.x=0,"",_xlpm.x))) | N5: =IF($I5="","",_xlfn.LET(_xlpm.x,VLOOKUP($I5,'taxon-match_2026-08-31'!$A$2:$N$122,9,FALSE),IF(_xlpm.x=0,"",_xlpm.x))) | O5: =IF($I5="","",_xlfn.LET(_xlpm.x,VLOOKUP($I5,'taxon-match_2026-08-31'!$A$2:$N$122,10,FALSE),IF(_xlpm.x=0,"",_xlpm.x))) | P5: =IF($I5="","",_xlfn.LET(_xlpm.x,VLOOKUP($I5,'taxon-match_2026-08-31'!$A$2:$N$122,11,FALSE),IF(_xlpm.x=0,"",_xlpm.x))) | Q5: =IF($I5="","",_xlfn.LET(_xlpm.x,VLOOKUP($I5,'taxon-match_2026-08-31'!$A$2:$N$122,12,FALSE),IF(_xlpm.x=0,"",_xlpm.x))) | R5: =IF($I5="","",_xlfn.LET(_xlpm.x,VLOOKUP($I5,'taxon-match_2026-08-31'!$A$2:$N$122,14,FALSE),IF(_xlpm.x=0,"",_xlpm.x))) | S5: superdomain | T5: Henri Robert | U5: Camille Moreau | V5: Emil De Borger | X5: =IF(T5="","",_xlfn.LET(_xlpm.x,VLOOKUP(T5,'Drop-down_menus'!$F$2:$G$16,2,FALSE),IF(_xlpm.x=0,"",_xlpm.x))) | Y5: =IF(U5="","",_xlfn.LET(_xlpm.x,VLOOKUP(U5,'Drop-down_menus'!$F$2:$G$16,2,FALSE),IF(_xlpm.x=0,"",_xlpm.x))) -> https://orcid.org/0000-0002-0981-7442 | Z5: =IF(V5="","",_xlfn.LET(_xlpm.x,VLOOKUP(V5,'Drop-down_menus'!$F$2:$G$16,2,FALSE),IF(_xlpm.x=0,"",_xlpm.x))) -> https://orcid.org/0000-0003-4905-1637 | AA5: =IF(W5="","",_xlfn.LET(_xlpm.x,VLOOKUP(W5,'Drop-down_menus'!$F$2:$G$16,2,FALSE),IF(_xlpm.x=0,"",_xlpm.x))) | AB5: Ethanol 96 | AF5: Glass Vial 20 ml | AI5: Bruno Danis | AJ5: BIODIVERSITY_MEGABENTHOS
A6: RD_1 | C6: 156 | D6: biota | F6: Algae | G6: 5 | H6: Algae | I6: Biota | J6: =IF($I6="","",_xlfn.LET(_xlpm.x,VLOOKUP($I6,'taxon-match_2026-08-31'!$A$2:$N$122,6,FALSE),IF(_xlpm.x=0,"",_xlpm.x))) | K6: =IF($I6="","",_xlfn.LET(_xlpm.x,VLOOKUP($I6,'taxon-match_2026-08-31'!$A$2:$N$122,4,FALSE),IF(_xlpm.x=0,"",_xlpm.x))) -> urn:lsid:marinespecies.org:taxname:1 | L6: =IF($I6="","",_xlfn.LET(_xlpm.x,VLOOKUP($I6,'taxon-match_2026-08-31'!$A$2:$N$122,7,FALSE),IF(_xlpm.x=0,"",_xlpm.x))) | M6: =IF($I6="","",_xlfn.LET(_xlpm.x,VLOOKUP($I6,'taxon-match_2026-08-31'!$A$2:$N$122,8,FALSE),IF(_xlpm.x=0,"",_xlpm.x))) | N6: =IF($I6="","",_xlfn.LET(_xlpm.x,VLOOKUP($I6,'taxon-match_2026-08-31'!$A$2:$N$122,9,FALSE),IF(_xlpm.x=0,"",_xlpm.x))) | O6: =IF($I6="","",_xlfn.LET(_xlpm.x,VLOOKUP($I6,'taxon-match_2026-08-31'!$A$2:$N$122,10,FALSE),IF(_xlpm.x=0,"",_xlpm.x))) | P6: =IF($I6="","",_xlfn.LET(_xlpm.x,VLOOKUP($I6,'taxon-match_2026-08-31'!$A$2:$N$122,11,FALSE),IF(_xlpm.x=0,"",_xlpm.x))) | Q6: =IF($I6="","",_xlfn.LET(_xlpm.x,VLOOKUP($I6,'taxon-match_2026-08-31'!$A$2:$N$122,12,FALSE),IF(_xlpm.x=0,"",_xlpm.x))) | R6: =IF($I6="","",_xlfn.LET(_xlpm.x,VLOOKUP($I6,'taxon-match_2026-08-31'!$A$2:$N$122,14,FALSE),IF(_xlpm.x=0,"",_xlpm.x))) | S6: superdomain | T6: Henri Robert | U6: Camille Moreau | V6: Emil De Borger | X6: =IF(T6="","",_xlfn.LET(_xlpm.x,VLOOKUP(T6,'Drop-down_menus'!$F$2:$G$16,2,FALSE),IF(_xlpm.x=0,"",_xlpm.x))) | Y6: =IF(U6="","",_xlfn.LET(_xlpm.x,VLOOKUP(U6,'Drop-down_menus'!$F$2:$G$16,2,FALSE),IF(_xlpm.x=0,"",_xlpm.x))) -> https://orcid.org/0000-0002-0981-7442 | Z6: =IF(V6="","",_xlfn.LET(_xlpm.x,VLOOKUP(V6,'Drop-down_menus'!$F$2:$G$16,2,FALSE),IF(_xlpm.x=0,"",_xlpm.x))) -> https://orcid.org/0000-0003-4905-1637 | AA6: =IF(W6="","",_xlfn.LET(_xlpm.x,VLOOKUP(W6,'Drop-down_menus'!$F$2:$G$16,2,FALSE),IF(_xlpm.x=0,"",_xlpm.x))) | AB6: Ethanol 96 | AF6: Glass Vial 20 ml | AI6: Bruno Danis | AJ6: BIODIVERSITY_MEGABENTHOS
A7: RD_1 | C7: 157 | D7: biota | F7: Algae | G7: 1 | H7: Algae | I7: Biota | J7: =IF($I7="","",_xlfn.LET(_xlpm.x,VLOOKUP($I7,'taxon-match_2026-08-31'!$A$2:$N$122,6,FALSE),IF(_xlpm.x=0,"",_xlpm.x))) | K7: =IF($I7="","",_xlfn.LET(_xlpm.x,VLOOKUP($I7,'taxon-match_2026-08-31'!$A$2:$N$122,4,FALSE),IF(_xlpm.x=0,"",_xlpm.x))) -> urn:lsid:marinespecies.org:taxname:1 | L7: =IF($I7="","",_xlfn.LET(_xlpm.x,VLOOKUP($I7,'taxon-match_2026-08-31'!$A$2:$N$122,7,FALSE),IF(_xlpm.x=0,"",_xlpm.x))) | M7: =IF($I7="","",_xlfn.LET(_xlpm.x,VLOOKUP($I7,'taxon-match_2026-08-31'!$A$2:$N$122,8,FALSE),IF(_xlpm.x=0,"",_xlpm.x))) | N7: =IF($I7="","",_xlfn.LET(_xlpm.x,VLOOKUP($I7,'taxon-match_2026-08-31'!$A$2:$N$122,9,FALSE),IF(_xlpm.x=0,"",_xlpm.x))) | O7: =IF($I7="","",_xlfn.LET(_xlpm.x,VLOOKUP($I7,'taxon-match_2026-08-31'!$A$2:$N$122,10,FALSE),IF(_xlpm.x=0,"",_xlpm.x))) | P7: =IF($I7="","",_xlfn.LET(_xlpm.x,VLOOKUP($I7,'taxon-match_2026-08-31'!$A$2:$N$122,11,FALSE),IF(_xlpm.x=0,"",_xlpm.x))) | Q7: =IF($I7="","",_xlfn.LET(_xlpm.x,VLOOKUP($I7,'taxon-match_2026-08-31'!$A$2:$N$122,12,FALSE),IF(_xlpm.x=0,"",_xlpm.x))) | R7: =IF($I7="","",_xlfn.LET(_xlpm.x,VLOOKUP($I7,'taxon-match_2026-08-31'!$A$2:$N$122,14,FALSE),IF(_xlpm.x=0,"",_xlpm.x))) | S7: superdomain | T7: Henri Robert | U7: Camille Moreau | V7: Emil De Borger | X7: =IF(T7="","",_xlfn.LET(_xlpm.x,VLOOKUP(T7,'Drop-down_menus'!$F$2:$G$16,2,FALSE),IF(_xlpm.x=0,"",_xlpm.x))) | Y7: =IF(U7="","",_xlfn.LET(_xlpm.x,VLOOKUP(U7,'Drop-down_menus'!$F$2:$G$16,2,FALSE),IF(_xlpm.x=0,"",_xlpm.x))) -> https://orcid.org/0000-0002-0981-7442 | Z7: =IF(V7="","",_xlfn.LET(_xlpm.x,VLOOKUP(V7,'Drop-down_menus'!$F$2:$G$16,2,FALSE),IF(_xlpm.x=0,"",_xlpm.x))) -> https://orcid.org/0000-0003-4905-1637 | AA7: =IF(W7="","",_xlfn.LET(_xlpm.x,VLOOKUP(W7,'Drop-down_menus'!$F$2:$G$16,2,FALSE),IF(_xlpm.x=0,"",_xlpm.x))) | AB7: Ethanol 96 | AF7: Glass Vial 20 ml | AI7: Bruno Danis | AJ7: BIODIVERSITY_MEGABENTHOS
A8: RD_1 | C8: 158 | D8: biota | F8: Bivalvia | G8: 15 | H8: Bivalvia | I8: Bivalvia | J8: =IF($I8="","",_xlfn.LET(_xlpm.x,VLOOKUP($I8,'taxon-match_2026-08-31'!$A$2:$N$122,6,FALSE),IF(_xlpm.x=0,"",_xlpm.x))) -> Linnaeus, 1758 | K8: =IF($I8="","",_xlfn.LET(_xlpm.x,VLOOKUP($I8,'taxon-match_2026-08-31'!$A$2:$N$122,4,FALSE),IF(_xlpm.x=0,"",_xlpm.x))) -> urn:lsid:marinespecies.org:taxname:105 | L8: =IF($I8="","",_xlfn.LET(_xlpm.x,VLOOKUP($I8,'taxon-match_2026-08-31'!$A$2:$N$122,7,FALSE),IF(_xlpm.x=0,"",_xlpm.x))) -> Animalia | M8: =IF($I8="","",_xlfn.LET(_xlpm.x,VLOOKUP($I8,'taxon-match_2026-08-31'!$A$2:$N$122,8,FALSE),IF(_xlpm.x=0,"",_xlpm.x))) -> Mollusca | N8: =IF($I8="","",_xlfn.LET(_xlpm.x,VLOOKUP($I8,'taxon-match_2026-08-31'!$A$2:$N$122,9,FALSE),IF(_xlpm.x=0,"",_xlpm.x))) -> Bivalvia | O8: =IF($I8="","",_xlfn.LET(_xlpm.x,VLOOKUP($I8,'taxon-match_2026-08-31'!$A$2:$N$122,10,FALSE),IF(_xlpm.x=0,"",_xlpm.x))) | P8: =IF($I8="","",_xlfn.LET(_xlpm.x,VLOOKUP($I8,'taxon-match_2026-08-31'!$A$2:$N$122,11,FALSE),IF(_xlpm.x=0,"",_xlpm.x))) | Q8: =IF($I8="","",_xlfn.LET(_xlpm.x,VLOOKUP($I8,'taxon-match_2026-08-31'!$A$2:$N$122,12,FALSE),IF(_xlpm.x=0,"",_xlpm.x))) | R8: =IF($I8="","",_xlfn.LET(_xlpm.x,VLOOKUP($I8,'taxon-match_2026-08-31'!$A$2:$N$122,14,FALSE),IF(_xlpm.x=0,"",_xlpm.x))) | S8: class | T8: Henri Robert | U8: Camille Moreau | V8: Emil De Borger | X8: =IF(T8="","",_xlfn.LET(_xlpm.x,VLOOKUP(T8,'Drop-down_menus'!$F$2:$G$16,2,FALSE),IF(_xlpm.x=0,"",_xlpm.x))) | Y8: =IF(U8="","",_xlfn.LET(_xlpm.x,VLOOKUP(U8,'Drop-down_menus'!$F$2:$G$16,2,FALSE),IF(_xlpm.x=0,"",_xlpm.x))) -> https://orcid.org/0000-0002-0981-7442 | Z8: =IF(V8="","",_xlfn.LET(_xlpm.x,VLOOKUP(V8,'Drop-down_menus'!$F$2:$G$16,2,FALSE),IF(_xlpm.x=0,"",_xlpm.x))) -> https://orcid.org/0000-0003-4905-1637 | AA8: =IF(W8="","",_xlfn.LET(_xlpm.x,VLOOKUP(W8,'Drop-down_menus'!$F$2:$G$16,2,FALSE),IF(_xlpm.x=0,"",_xlpm.x))) | AB8: Ethanol 96 | AF8: Glass Vial 20 ml | AI8: Bruno Danis | AJ8: BIODIVERSITY_MEGABENTHOS
A9: RD_1 | C9: 159 | D9: biota | F9: Bivalvia | G9: 7 | H9: Bivalvia | I9: Bivalvia | J9: =IF($I9="","",_xlfn.LET(_xlpm.x,VLOOKUP($I9,'taxon-match_2026-08-31'!$A$2:$N$122,6,FALSE),IF(_xlpm.x=0,"",_xlpm.x))) -> Linnaeus, 1758 | K9: =IF($I9="","",_xlfn.LET(_xlpm.x,VLOOKUP($I9,'taxon-match_2026-08-31'!$A$2:$N$122,4,FALSE),IF(_xlpm.x=0,"",_xlpm.x))) -> urn:lsid:marinespecies.org:taxname:105 | L9: =IF($I9="","",_xlfn.LET(_xlpm.x,VLOOKUP($I9,'taxon-match_2026-08-31'!$A$2:$N$122,7,FALSE),IF(_xlpm.x=0,"",_xlpm.x))) -> Animalia | M9: =IF($I9="","",_xlfn.LET(_xlpm.x,VLOOKUP($I9,'taxon-match_2026-08-31'!$A$2:$N$122,8,FALSE),IF(_xlpm.x=0,"",_xlpm.x))) -> Mollusca | N9: =IF($I9="","",_xlfn.LET(_xlpm.x,VLOOKUP($I9,'taxon-match_2026-08-31'!$A$2:$N$122,9,FALSE),IF(_xlpm.x=0,"",_xlpm.x))) -> Bivalvia | O9: =IF($I9="","",_xlfn.LET(_xlpm.x,VLOOKUP($I9,'taxon-match_2026-08-31'!$A$2:$N$122,10,FALSE),IF(_xlpm.x=0,"",_xlpm.x))) | P9: =IF($I9="","",_xlfn.LET(_xlpm.x,VLOOKUP($I9,'taxon-match_2026-08-31'!$A$2:$N$122,11,FALSE),IF(_xlpm.x=0,"",_xlpm.x))) | Q9: =IF($I9="","",_xlfn.LET(_xlpm.x,VLOOKUP($I9,'taxon-match_2026-08-31'!$A$2:$N$122,12,FALSE),IF(_xlpm.x=0,"",_xlpm.x))) | R9: =IF($I9="","",_xlfn.LET(_xlpm.x,VLOOKUP($I9,'taxon-match_2026-08-31'!$A$2:$N$122,14,FALSE),IF(_xlpm.x=0,"",_xlpm.x))) | S9: class | T9: Henri Robert | U9: Camille Moreau | V9: Emil De Borger | X9: =IF(T9="","",_xlfn.LET(_xlpm.x,VLOOKUP(T9,'Drop-down_menus'!$F$2:$G$16,2,FALSE),IF(_xlpm.x=0,"",_xlpm.x))) | Y9: =IF(U9="","",_xlfn.LET(_xlpm.x,VLOOKUP(U9,'Drop-down_menus'!$F$2:$G$16,2,FALSE),IF(_xlpm.x=0,"",_xlpm.x))) -> https://orcid.org/0000-0002-0981-7442 | Z9: =IF(V9="","",_xlfn.LET(_xlpm.x,VLOOKUP(V9,'Drop-down_menus'!$F$2:$G$16,2,FALSE),IF(_xlpm.x=0,"",_xlpm.x))) -> https://orcid.org/0000-0003-4905-1637 | AA9: =IF(W9="","",_xlfn.LET(_xlpm.x,VLOOKUP(W9,'Drop-down_menus'!$F$2:$G$16,2,FALSE),IF(_xlpm.x=0,"",_xlpm.x))) | AB9: Ethanol 96 | AF9: Glass Vial 20 ml | AI9: Bruno Danis | AJ9: BIODIVERSITY_MEGABENTHOS
A10: RD_1 | C10: 160 | D10: biota | F10: Amphipoda | G10: 150 | H10: Amphipoda | I10: Amphipoda | J10: =IF($I10="","",_xlfn.LET(_xlpm.x,VLOOKUP($I10,'taxon-match_2026-08-31'!$A$2:$N$122,6,FALSE),IF(_xlpm.x=0,"",_xlpm.x))) -> Latreille, 1816 | K10: =IF($I10="","",_xlfn.LET(_xlpm.x,VLOOKUP($I10,'taxon-match_2026-08-31'!$A$2:$N$122,4,FALSE),IF(_xlpm.x=0,"",_xlpm.x))) -> urn:lsid:marinespecies.org:taxname:1135 | L10: =IF($I10="","",_xlfn.LET(_xlpm.x,VLOOKUP($I10,'taxon-match_2026-08-31'!$A$2:$N$122,7,FALSE),IF(_xlpm.x=0,"",_xlpm.x))) -> Animalia | M10: =IF($I10="","",_xlfn.LET(_xlpm.x,VLOOKUP($I10,'taxon-match_2026-08-31'!$A$2:$N$122,8,FALSE),IF(_xlpm.x=0,"",_xlpm.x))) -> Arthropoda | N10: =IF($I10="","",_xlfn.LET(_xlpm.x,VLOOKUP($I10,'taxon-match_2026-08-31'!$A$2:$N$122,9,FALSE),IF(_xlpm.x=0,"",_xlpm.x))) -> Malacostraca | O10: =IF($I10="","",_xlfn.LET(_xlpm.x,VLOOKUP($I10,'taxon-match_2026-08-31'!$A$2:$N$122,10,FALSE),IF(_xlpm.x=0,"",_xlpm.x))) -> Amphipoda | P10: =IF($I10="","",_xlfn.LET(_xlpm.x,VLOOKUP($I10,'taxon-match_2026-08-31'!$A$2:$N$122,11,FALSE),IF(_xlpm.x=0,"",_xlpm.x))) | Q10: =IF($I10="","",_xlfn.LET(_xlpm.x,VLOOKUP($I10,'taxon-match_2026-08-31'!$A$2:$N$122,12,FALSE),IF(_xlpm.x=0,"",_xlpm.x))) | R10: =IF($I10="","",_xlfn.LET(_xlpm.x,VLOOKUP($I10,'taxon-match_2026-08-31'!$A$2:$N$122,14,FALSE),IF(_xlpm.x=0,"",_xlpm.x))) | S10: order | T10: Henri Robert | U10: Camille Moreau | V10: Emil De Borger | X10: =IF(T10="","",_xlfn.LET(_xlpm.x,VLOOKUP(T10,'Drop-down_menus'!$F$2:$G$16,2,FALSE),IF(_xlpm.x=0,"",_xlpm.x))) | Y10: =IF(U10="","",_xlfn.LET(_xlpm.x,VLOOKUP(U10,'Drop-down_menus'!$F$2:$G$16,2,FALSE),IF(_xlpm.x=0,"",_xlpm.x))) -> https://orcid.org/0000-0002-0981-7442 | Z10: =IF(V10="","",_xlfn.LET(_xlpm.x,VLOOKUP(V10,'Drop-down_menus'!$F$2:$G$16,2,FALSE),IF(_xlpm.x=0,"",_xlpm.x))) -> https://orcid.org/0000-0003-4905-1637 | AA10: =IF(W10="","",_xlfn.LET(_xlpm.x,VLOOKUP(W10,'Drop-down_menus'!$F$2:$G$16,2,FALSE),IF(_xlpm.x=0,"",_xlpm.x))) | AB10: Ethanol 96 | AF10: Glass Vial 20 ml | AI10: Bruno Danis | AJ10: BIODIVERSITY_MEGABENTHOS
A11: RD_1 | C11: 161 | D11: biota | F11: Amphipoda | G11: 30 | H11: Amphipoda | I11: Amphipoda | J11: =IF($I11="","",_xlfn.LET(_xlpm.x,VLOOKUP($I11,'taxon-match_2026-08-31'!$A$2:$N$122,6,FALSE),IF(_xlpm.x=0,"",_xlpm.x))) -> Latreille, 1816 | K11: =IF($I11="","",_xlfn.LET(_xlpm.x,VLOOKUP($I11,'taxon-match_2026-08-31'!$A$2:$N$122,4,FALSE),IF(_xlpm.x=0,"",_xlpm.x))) -> urn:lsid:marinespecies.org:taxname:1135 | L11: =IF($I11="","",_xlfn.LET(_xlpm.x,VLOOKUP($I11,'taxon-match_2026-08-31'!$A$2:$N$122,7,FALSE),IF(_xlpm.x=0,"",_xlpm.x))) -> Animalia | M11: =IF($I11="","",_xlfn.LET(_xlpm.x,VLOOKUP($I11,'taxon-match_2026-08-31'!$A$2:$N$122,8,FALSE),IF(_xlpm.x=0,"",_xlpm.x))) -> Arthropoda | N11: =IF($I11="","",_xlfn.LET(_xlpm.x,VLOOKUP($I11,'taxon-match_2026-08-31'!$A$2:$N$122,9,FALSE),IF(_xlpm.x=0,"",_xlpm.x))) -> Malacostraca | O11: =IF($I11="","",_xlfn.LET(_xlpm.x,VLOOKUP($I11,'taxon-match_2026-08-31'!$A$2:$N$122,10,FALSE),IF(_xlpm.x=0,"",_xlpm.x))) -> Amphipoda | P11: =IF($I11="","",_xlfn.LET(_xlpm.x,VLOOKUP($I11,'taxon-match_2026-08-31'!$A$2:$N$122,11,FALSE),IF(_xlpm.x=0,"",_xlpm.x))) | Q11: =IF($I11="","",_xlfn.LET(_xlpm.x,VLOOKUP($I11,'taxon-match_2026-08-31'!$A$2:$N$122,12,FALSE),IF(_xlpm.x=0,"",_xlpm.x))) | R11: =IF($I11="","",_xlfn.LET(_xlpm.x,VLOOKUP($I11,'taxon-match_2026-08-31'!$A$2:$N$122,14,FALSE),IF(_xlpm.x=0,"",_xlpm.x))) | S11: order | T11: Henri Robert | U11: Camille Moreau | V11: Emil De Borger | X11: =IF(T11="","",_xlfn.LET(_xlpm.x,VLOOKUP(T11,'Drop-down_menus'!$F$2:$G$16,2,FALSE),IF(_xlpm.x=0,"",_xlpm.x))) | Y11: =IF(U11="","",_xlfn.LET(_xlpm.x,VLOOKUP(U11,'Drop-down_menus'!$F$2:$G$16,2,FALSE),IF(_xlpm.x=0,"",_xlpm.x))) -> https://orcid.org/0000-0002-0981-7442 | Z11: =IF(V11="","",_xlfn.LET(_xlpm.x,VLOOKUP(V11,'Drop-down_menus'!$F$2:$G$16,2,FALSE),IF(_xlpm.x=0,"",_xlpm.x))) -> https://orcid.org/0000-0003-4905-1637 | AA11: =IF(W11="","",_xlfn.LET(_xlpm.x,VLOOKUP(W11,'Drop-down_menus'!$F$2:$G$16,2,FALSE),IF(_xlpm.x=0,"",_xlpm.x))) | AB11: Ethanol 96 | AF11: Glass Vial 20 ml | AI11: Bruno Danis | AJ11: BIODIVERSITY_MEGABENTHOS
A12: RD_1 | C12: 162 | D12: biota | F12: Isopoda | G12: 30 | H12: Isopoda | I12: Isopoda | J12: =IF($I12="","",_xlfn.LET(_xlpm.x,VLOOKUP($I12,'taxon-match_2026-08-31'!$A$2:$N$122,6,FALSE),IF(_xlpm.x=0,"",_xlpm.x))) -> Latreille, 1816 | K12: =IF($I12="","",_xlfn.LET(_xlpm.x,VLOOKUP($I12,'taxon-match_2026-08-31'!$A$2:$N$122,4,FALSE),IF(_xlpm.x=0,"",_xlpm.x))) -> urn:lsid:marinespecies.org:taxname:1131 | L12: =IF($I12="","",_xlfn.LET(_xlpm.x,VLOOKUP($I12,'taxon-match_2026-08-31'!$A$2:$N$122,7,FALSE),IF(_xlpm.x=0,"",_xlpm.x))) -> Animalia | M12: =IF($I12="","",_xlfn.LET(_xlpm.x,VLOOKUP($I12,'taxon-match_2026-08-31'!$A$2:$N$122,8,FALSE),IF(_xlpm.x=0,"",_xlpm.x))) -> Arthropoda | N12: =IF($I12="","",_xlfn.LET(_xlpm.x,VLOOKUP($I12,'taxon-match_2026-08-31'!$A$2:$N$122,9,FALSE),IF(_xlpm.x=0,"",_xlpm.x))) -> Malacostraca | O12: =IF($I12="","",_xlfn.LET(_xlpm.x,VLOOKUP($I12,'taxon-match_2026-08-31'!$A$2:$N$122,10,FALSE),IF(_xlpm.x=0,"",_xlpm.x))) -> Isopoda | P12: =IF($I12="","",_xlfn.LET(_xlpm.x,VLOOKUP($I12,'taxon-match_2026-08-31'!$A$2:$N$122,11,FALSE),IF(_xlpm.x=0,"",_xlpm.x))) | Q12: =IF($I12="","",_xlfn.LET(_xlpm.x,VLOOKUP($I12,'taxon-match_2026-08-31'!$A$2:$N$122,12,FALSE),IF(_xlpm.x=0,"",_xlpm.x))) | R12: =IF($I12="","",_xlfn.LET(_xlpm.x,VLOOKUP($I12,'taxon-match_2026-08-31'!$A$2:$N$122,14,FALSE),IF(_xlpm.x=0,"",_xlpm.x))) | S12: order | T12: Henri Robert | U12: Camille Moreau | V12: Emil De Borger | X12: =IF(T12="","",_xlfn.LET(_xlpm.x,VLOOKUP(T12,'Drop-down_menus'!$F$2:$G$16,2,FALSE),IF(_xlpm.x=0,"",_xlpm.x))) | Y12: =IF(U12="","",_xlfn.LET(_xlpm.x,VLOOKUP(U12,'Drop-down_menus'!$F$2:$G$16,2,FALSE),IF(_xlpm.x=0,"",_xlpm.x))) -> https://orcid.org/0000-0002-0981-7442 | Z12: =IF(V12="","",_xlfn.LET(_xlpm.x,VLOOKUP(V12,'Drop-down_menus'!$F$2:$G$16,2,FALSE),IF(_xlpm.x=0,"",_xlpm.x))) -> https://orcid.org/0000-0003-4905-1637 | AA12: =IF(W12="","",_xlfn.LET(_xlpm.x,VLOOKUP(W12,'Drop-down_menus'!$F$2:$G$16,2,FALSE),IF(_xlpm.x=0,"",_xlpm.x))) | AB12: Ethanol 96 | AF12: Glass Vial 20 ml | AI12: Bruno Danis | AJ12: BIODIVERSITY_MEGABENTHOS
A13: RD_1 | C13: 163 | D13: biota | F13: Cumacea | G13: 18 | H13: Cumacea | I13: Cumacea | J13: =IF($I13="","",_xlfn.LET(_xlpm.x,VLOOKUP($I13,'taxon-match_2026-08-31'!$A$2:$N$122,6,FALSE),IF(_xlpm.x=0,"",_xlpm.x))) -> Krøyer, 1846 | K13: =IF($I13="","",_xlfn.LET(_xlpm.x,VLOOKUP($I13,'taxon-match_2026-08-31'!$A$2:$N$122,4,FALSE),IF(_xlpm.x=0,"",_xlpm.x))) -> urn:lsid:marinespecies.org:taxname:1137 | L13: =IF($I13="","",_xlfn.LET(_xlpm.x,VLOOKUP($I13,'taxon-match_2026-08-31'!$A$2:$N$122,7,FALSE),IF(_xlpm.x=0,"",_xlpm.x))) -> Animalia | M13: =IF($I13="","",_xlfn.LET(_xlpm.x,VLOOKUP($I13,'taxon-match_2026-08-31'!$A$2:$N$122,8,FALSE),IF(_xlpm.x=0,"",_xlpm.x))) -> Arthropoda | N13: =IF($I13="","",_xlfn.LET(_xlpm.x,VLOOKUP($I13,'taxon-match_2026-08-31'!$A$2:$N$122,9,FALSE),IF(_xlpm.x=0,"",_xlpm.x))) -> Malacostraca | O13: =IF($I13="","",_xlfn.LET(_xlpm.x,VLOOKUP($I13,'taxon-match_2026-08-31'!$A$2:$N$122,10,FALSE),IF(_xlpm.x=0,"",_xlpm.x))) -> Cumacea | P13: =IF($I13="","",_xlfn.LET(_xlpm.x,VLOOKUP($I13,'taxon-match_2026-08-31'!$A$2:$N$122,11,FALSE),IF(_xlpm.x=0,"",_xlpm.x))) | Q13: =IF($I13="","",_xlfn.LET(_xlpm.x,VLOOKUP($I13,'taxon-match_2026-08-31'!$A$2:$N$122,12,FALSE),IF(_xlpm.x=0,"",_xlpm.x))) | R13: =IF($I13="","",_xlfn.LET(_xlpm.x,VLOOKUP($I13,'taxon-match_2026-08-31'!$A$2:$N$122,14,FALSE),IF(_xlpm.x=0,"",_xlpm.x))) | S13: order | T13: Henri Robert | U13: Camille Moreau | V13: Emil De Borger | X13: =IF(T13="","",_xlfn.LET(_xlpm.x,VLOOKUP(T13,'Drop-down_menus'!$F$2:$G$16,2,FALSE),IF(_xlpm.x=0,"",_xlpm.x))) | Y13: =IF(U13="","",_xlfn.LET(_xlpm.x,VLOOKUP(U13,'Drop-down_menus'!$F$2:$G$16,2,FALSE),IF(_xlpm.x=0,"",_xlpm.x))) -> https://orcid.org/0000-0002-0981-7442 | Z13: =IF(V13="","",_xlfn.LET(_xlpm.x,VLOOKUP(V13,'Drop-down_menus'!$F$2:$G$16,2,FALSE),IF(_xlpm.x=0,"",_xlpm.x))) -> https://orcid.org/0000-0003-4905-1637 | AA13: =IF(W13="","",_xlfn.LET(_xlpm.x,VLOOKUP(W13,'Drop-down_menus'!$F$2:$G$16,2,FALSE),IF(_xlpm.x=0,"",_xlpm.x))) | AB13: Ethanol 96 | AF13: Glass Vial 5 ml | AI13: Bruno Danis | AJ13: BIODIVERSITY_MEGABENTHOS
A14: RD_1 | C14: 164 | D14: biota | F14: Polychaeta | G14: 6 | H14: Polychaeta | I14: Polychaeta | J14: =IF($I14="","",_xlfn.LET(_xlpm.x,VLOOKUP($I14,'taxon-match_2026-08-31'!$A$2:$N$122,6,FALSE),IF(_xlpm.x=0,"",_xlpm.x))) -> Grube, 1850 | K14: =IF($I14="","",_xlfn.LET(_xlpm.x,VLOOKUP($I14,'taxon-match_2026-08-31'!$A$2:$N$122,4,FALSE),IF(_xlpm.x=0,"",_xlpm.x))) -> urn:lsid:marinespecies.org:taxname:883 | L14: =IF($I14="","",_xlfn.LET(_xlpm.x,VLOOKUP($I14,'taxon-match_2026-08-31'!$A$2:$N$122,7,FALSE),IF(_xlpm.x=0,"",_xlpm.x))) -> Animalia | M14: =IF($I14="","",_xlfn.LET(_xlpm.x,VLOOKUP($I14,'taxon-match_2026-08-31'!$A$2:$N$122,8,FALSE),IF(_xlpm.x=0,"",_xlpm.x))) -> Annelida | N14: =IF($I14="","",_xlfn.LET(_xlpm.x,VLOOKUP($I14,'taxon-match_2026-08-31'!$A$2:$N$122,9,FALSE),IF(_xlpm.x=0,"",_xlpm.x))) -> Polychaeta | O14: =IF($I14="","",_xlfn.LET(_xlpm.x,VLOOKUP($I14,'taxon-match_2026-08-31'!$A$2:$N$122,10,FALSE),IF(_xlpm.x=0,"",_xlpm.x))) | P14: =IF($I14="","",_xlfn.LET(_xlpm.x,VLOOKUP($I14,'taxon-match_2026-08-31'!$A$2:$N$122,11,FALSE),IF(_xlpm.x=0,"",_xlpm.x))) | Q14: =IF($I14="","",_xlfn.LET(_xlpm.x,VLOOKUP($I14,'taxon-match_2026-08-31'!$A$2:$N$122,12,FALSE),IF(_xlpm.x=0,"",_xlpm.x))) | R14: =IF($I14="","",_xlfn.LET(_xlpm.x,VLOOKUP($I14,'taxon-match_2026-08-31'!$A$2:$N$122,14,FALSE),IF(_xlpm.x=0,"",_xlpm.x))) | S14: class | T14: Henri Robert | U14: Camille Moreau | V14: Emil De Borger | X14: =IF(T14="","",_xlfn.LET(_xlpm.x,VLOOKUP(T14,'Drop-down_menus'!$F$2:$G$16,2,FALSE),IF(_xlpm.x=0,"",_xlpm.x))) | Y14: =IF(U14="","",_xlfn.LET(_xlpm.x,VLOOKUP(U14,'Drop-down_menus'!$F$2:$G$16,2,FALSE),IF(_xlpm.x=0,"",_xlpm.x))) -> https://orcid.org/0000-0002-0981-7442 | Z14: =IF(V14="","",_xlfn.LET(_xlpm.x,VLOOKUP(V14,'Drop-down_menus'!$F$2:$G$16,2,FALSE),IF(_xlpm.x=0,"",_xlpm.x))) -> https://orcid.org/0000-0003-4905-1637 | AA14: =IF(W14="","",_xlfn.LET(_xlpm.x,VLOOKUP(W14,'Drop-down_menus'!$F$2:$G$16,2,FALSE),IF(_xlpm.x=0,"",_xlpm.x))) | AB14: Ethanol 96 | AF14: Glass Vial 5 ml | AI14: Bruno Danis | AJ14: BIODIVERSITY_MEGABENTHOS
A15: RD_1 | C15: 165 | D15: biota | F15: Undetermined | G15: 10 | H15: Biota | I15: Biota | J15: =IF($I15="","",_xlfn.LET(_xlpm.x,VLOOKUP($I15,'taxon-match_2026-08-31'!$A$2:$N$122,6,FALSE),IF(_xlpm.x=0,"",_xlpm.x))) | K15: =IF($I15="","",_xlfn.LET(_xlpm.x,VLOOKUP($I15,'taxon-match_2026-08-31'!$A$2:$N$122,4,FALSE),IF(_xlpm.x=0,"",_xlpm.x))) -> urn:lsid:marinespecies.org:taxname:1 | L15: =IF($I15="","",_xlfn.LET(_xlpm.x,VLOOKUP($I15,'taxon-match_2026-08-31'!$A$2:$N$122,7,FALSE),IF(_xlpm.x=0,"",_xlpm.x))) | M15: =IF($I15="","",_xlfn.LET(_xlpm.x,VLOOKUP($I15,'taxon-match_2026-08-31'!$A$2:$N$122,8,FALSE),IF(_xlpm.x=0,"",_xlpm.x))) | N15: =IF($I15="","",_xlfn.LET(_xlpm.x,VLOOKUP($I15,'taxon-match_2026-08-31'!$A$2:$N$122,9,FALSE),IF(_xlpm.x=0,"",_xlpm.x))) | O15: =IF($I15="","",_xlfn.LET(_xlpm.x,VLOOKUP($I15,'taxon-match_2026-08-31'!$A$2:$N$122,10,FALSE),IF(_xlpm.x=0,"",_xlpm.x))) | P15: =IF($I15="","",_xlfn.LET(_xlpm.x,VLOOKUP($I15,'taxon-match_2026-08-31'!$A$2:$N$122,11,FALSE),IF(_xlpm.x=0,"",_xlpm.x))) | Q15: =IF($I15="","",_xlfn.LET(_xlpm.x,VLOOKUP($I15,'taxon-match_2026-08-31'!$A$2:$N$122,12,FALSE),IF(_xlpm.x=0,"",_xlpm.x))) | R15: =IF($I15="","",_xlfn.LET(_xlpm.x,VLOOKUP($I15,'taxon-match_2026-08-31'!$A$2:$N$122,14,FALSE),IF(_xlpm.x=0,"",_xlpm.x))) | S15: superdomain | T15: Henri Robert | U15: Camille Moreau | V15: Emil De Borger | X15: =IF(T15="","",_xlfn.LET(_xlpm.x,VLOOKUP(T15,'Drop-down_menus'!$F$2:$G$16,2,FALSE),IF(_xlpm.x=0,"",_xlpm.x))) | Y15: =IF(U15="","",_xlfn.LET(_xlpm.x,VLOOKUP(U15,'Drop-down_menus'!$F$2:$G$16,2,FALSE),IF(_xlpm.x=0,"",_xlpm.x))) -> https://orcid.org/0000-0002-0981-7442 | Z15: =IF(V15="","",_xlfn.LET(_xlpm.x,VLOOKUP(V15,'Drop-down_menus'!$F$2:$G$16,2,FALSE),IF(_xlpm.x=0,"",_xlpm.x))) -> https://orcid.org/0000-0003-4905-1637 | AA15: =IF(W15="","",_xlfn.LET(_xlpm.x,VLOOKUP(W15,'Drop-down_menus'!$F$2:$G$16,2,FALSE),IF(_xlpm.x=0,"",_xlpm.x))) | AB15: Ethanol 96 | AF15: Glass Vial 5 ml | AI15: Bruno Danis | AJ15: BIODIVERSITY_MEGABENTHOS
A16: RD_1 | C16: 166 | D16: biota | F16: Asteroidea | G16: 2 | H16: Asteroidea | I16: Asteroidea | J16: =IF($I16="","",_xlfn.LET(_xlpm.x,VLOOKUP($I16,'taxon-match_2026-08-31'!$A$2:$N$122,6,FALSE),IF(_xlpm.x=0,"",_xlpm.x))) -> de Blainville, 1830 | K16: =IF($I16="","",_xlfn.LET(_xlpm.x,VLOOKUP($I16,'taxon-match_2026-08-31'!$A$2:$N$122,4,FALSE),IF(_xlpm.x=0,"",_xlpm.x))) -> urn:lsid:marinespecies.org:taxname:123080 | L16: =IF($I16="","",_xlfn.LET(_xlpm.x,VLOOKUP($I16,'taxon-match_2026-08-31'!$A$2:$N$122,7,FALSE),IF(_xlpm.x=0,"",_xlpm.x))) -> Animalia | M16: =IF($I16="","",_xlfn.LET(_xlpm.x,VLOOKUP($I16,'taxon-match_2026-08-31'!$A$2:$N$122,8,FALSE),IF(_xlpm.x=0,"",_xlpm.x))) -> Echinodermata | N16: =IF($I16="","",_xlfn.LET(_xlpm.x,VLOOKUP($I16,'taxon-match_2026-08-31'!$A$2:$N$122,9,FALSE),IF(_xlpm.x=0,"",_xlpm.x))) -> Asteroidea | O16: =IF($I16="","",_xlfn.LET(_xlpm.x,VLOOKUP($I16,'taxon-match_2026-08-31'!$A$2:$N$122,10,FALSE),IF(_xlpm.x=0,"",_xlpm.x))) | P16: =IF($I16="","",_xlfn.LET(_xlpm.x,VLOOKUP($I16,'taxon-match_2026-08-31'!$A$2:$N$122,11,FALSE),IF(_xlpm.x=0,"",_xlpm.x))) | Q16: =IF($I16="","",_xlfn.LET(_xlpm.x,VLOOKUP($I16,'taxon-match_2026-08-31'!$A$2:$N$122,12,FALSE),IF(_xlpm.x=0,"",_xlpm.x))) | R16: =IF($I16="","",_xlfn.LET(_xlpm.x,VLOOKUP($I16,'taxon-match_2026-08-31'!$A$2:$N$122,14,FALSE),IF(_xlpm.x=0,"",_xlpm.x))) | S16: class | T16: Henri Robert | U16: Camille Moreau | V16: Emil De Borger | X16: =IF(T16="","",_xlfn.LET(_xlpm.x,VLOOKUP(T16,'Drop-down_menus'!$F$2:$G$16,2,FALSE),IF(_xlpm.x=0,"",_xlpm.x))) | Y16: =IF(U16="","",_xlfn.LET(_xlpm.x,VLOOKUP(U16,'Drop-down_menus'!$F$2:$G$16,2,FALSE),IF(_xlpm.x=0,"",_xlpm.x))) -> https://orcid.org/0000-0002-0981-7442 | Z16: =IF(V16="","",_xlfn.LET(_xlpm.x,VLOOKUP(V16,'Drop-down_menus'!$F$2:$G$16,2,FALSE),IF(_xlpm.x=0,"",_xlpm.x))) -> https://orcid.org/0000-0003-4905-1637 | AA16: =IF(W16="","",_xlfn.LET(_xlpm.x,VLOOKUP(W16,'Drop-down_menus'!$F$2:$G$16,2,FALSE),IF(_xlpm.x=0,"",_xlpm.x))) | AB16: Ethanol 96 | AF16: Glass Vial 5 ml | AI16: Bruno Danis | AJ16: BIODIVERSITY_MEGABENTHOS
A17: RD_1 | C17: 167 | D17: biota | F17: Gastropoda | G17: 30 | H17: Gastropoda | I17: Gastropoda | J17: =IF($I17="","",_xlfn.LET(_xlpm.x,VLOOKUP($I17,'taxon-match_2026-08-31'!$A$2:$N$122,6,FALSE),IF(_xlpm.x=0,"",_xlpm.x))) -> Cuvier, 1795 | K17: =IF($I17="","",_xlfn.LET(_xlpm.x,VLOOKUP($I17,'taxon-match_2026-08-31'!$A$2:$N$122,4,FALSE),IF(_xlpm.x=0,"",_xlpm.x))) -> urn:lsid:marinespecies.org:taxname:101 | L17: =IF($I17="","",_xlfn.LET(_xlpm.x,VLOOKUP($I17,'taxon-match_2026-08-31'!$A$2:$N$122,7,FALSE),IF(_xlpm.x=0,"",_xlpm.x))) -> Animalia | M17: =IF($I17="","",_xlfn.LET(_xlpm.x,VLOOKUP($I17,'taxon-match_2026-08-31'!$A$2:$N$122,8,FALSE),IF(_xlpm.x=0,"",_xlpm.x))) -> Mollusca | N17: =IF($I17="","",_xlfn.LET(_xlpm.x,VLOOKUP($I17,'taxon-match_2026-08-31'!$A$2:$N$122,9,FALSE),IF(_xlpm.x=0,"",_xlpm.x))) -> Gastropoda | O17: =IF($I17="","",_xlfn.LET(_xlpm.x,VLOOKUP($I17,'taxon-match_2026-08-31'!$A$2:$N$122,10,FALSE),IF(_xlpm.x=0,"",_xlpm.x))) | P17: =IF($I17="","",_xlfn.LET(_xlpm.x,VLOOKUP($I17,'taxon-match_2026-08-31'!$A$2:$N$122,11,FALSE),IF(_xlpm.x=0,"",_xlpm.x))) | Q17: =IF($I17="","",_xlfn.LET(_xlpm.x,VLOOKUP($I17,'taxon-match_2026-08-31'!$A$2:$N$122,12,FALSE),IF(_xlpm.x=0,"",_xlpm.x))) | R17: =IF($I17="","",_xlfn.LET(_xlpm.x,VLOOKUP($I17,'taxon-match_2026-08-31'!$A$2:$N$122,14,FALSE),IF(_xlpm.x=0,"",_xlpm.x))) | S17: class | T17: Henri Robert | U17: Camille Moreau | V17: Emil De Borger | X17: =IF(T17="","",_xlfn.LET(_xlpm.x,VLOOKUP(T17,'Drop-down_menus'!$F$2:$G$16,2,FALSE),IF(_xlpm.x=0,"",_xlpm.x))) | Y17: =IF(U17="","",_xlfn.LET(_xlpm.x,VLOOKUP(U17,'Drop-down_menus'!$F$2:$G$16,2,FALSE),IF(_xlpm.x=0,"",_xlpm.x))) -> https://orcid.org/0000-0002-0981-7442 | Z17: =IF(V17="","",_xlfn.LET(_xlpm.x,VLOOKUP(V17,'Drop-down_menus'!$F$2:$G$16,2,FALSE),IF(_xlpm.x=0,"",_xlpm.x))) -> https://orcid.org/0000-0003-4905-1637 | AA17: =IF(W17="","",_xlfn.LET(_xlpm.x,VLOOKUP(W17,'Drop-down_menus'!$F$2:$G$16,2,FALSE),IF(_xlpm.x=0,"",_xlpm.x))) | AB17: Ethanol 96 | AF17: Glass Vial 5 ml | AI17: Bruno Danis | AJ17: BIODIVERSITY_MEGABENTHOS
A18: RD_1 | C18: 168 | D18: biota | F18: Sterechinus neumayeri | G18: 21 | H18: Sterechinus neumayeri | I18: Sterechinus neumayeri | J18: =IF($I18="","",_xlfn.LET(_xlpm.x,VLOOKUP($I18,'taxon-match_2026-08-31'!$A$2:$N$122,6,FALSE),IF(_xlpm.x=0,"",_xlpm.x))) -> (Meissner, 1900) | K18: =IF($I18="","",_xlfn.LET(_xlpm.x,VLOOKUP($I18,'taxon-match_2026-08-31'!$A$2:$N$122,4,FALSE),IF(_xlpm.x=0,"",_xlpm.x))) -> urn:lsid:marinespecies.org:taxname:160831 | L18: =IF($I18="","",_xlfn.LET(_xlpm.x,VLOOKUP($I18,'taxon-match_2026-08-31'!$A$2:$N$122,7,FALSE),IF(_xlpm.x=0,"",_xlpm.x))) -> Animalia | M18: =IF($I18="","",_xlfn.LET(_xlpm.x,VLOOKUP($I18,'taxon-match_2026-08-31'!$A$2:$N$122,8,FALSE),IF(_xlpm.x=0,"",_xlpm.x))) -> Echinodermata | N18: =IF($I18="","",_xlfn.LET(_xlpm.x,VLOOKUP($I18,'taxon-match_2026-08-31'!$A$2:$N$122,9,FALSE),IF(_xlpm.x=0,"",_xlpm.x))) -> Echinoidea | O18: =IF($I18="","",_xlfn.LET(_xlpm.x,VLOOKUP($I18,'taxon-match_2026-08-31'!$A$2:$N$122,10,FALSE),IF(_xlpm.x=0,"",_xlpm.x))) -> Camarodonta | P18: =IF($I18="","",_xlfn.LET(_xlpm.x,VLOOKUP($I18,'taxon-match_2026-08-31'!$A$2:$N$122,11,FALSE),IF(_xlpm.x=0,"",_xlpm.x))) -> Echinidae | Q18: =IF($I18="","",_xlfn.LET(_xlpm.x,VLOOKUP($I18,'taxon-match_2026-08-31'!$A$2:$N$122,12,FALSE),IF(_xlpm.x=0,"",_xlpm.x))) -> Sterechinus | R18: =IF($I18="","",_xlfn.LET(_xlpm.x,VLOOKUP($I18,'taxon-match_2026-08-31'!$A$2:$N$122,14,FALSE),IF(_xlpm.x=0,"",_xlpm.x))) -> neumayeri | S18: species | T18: Henri Robert | U18: Camille Moreau | V18: Emil De Borger | X18: =IF(T18="","",_xlfn.LET(_xlpm.x,VLOOKUP(T18,'Drop-down_menus'!$F$2:$G$16,2,FALSE),IF(_xlpm.x=0,"",_xlpm.x))) | Y18: =IF(U18="","",_xlfn.LET(_xlpm.x,VLOOKUP(U18,'Drop-down_menus'!$F$2:$G$16,2,FALSE),IF(_xlpm.x=0,"",_xlpm.x))) -> https://orcid.org/0000-0002-0981-7442 | Z18: =IF(V18="","",_xlfn.LET(_xlpm.x,VLOOKUP(V18,'Drop-down_menus'!$F$2:$G$16,2,FALSE),IF(_xlpm.x=0,"",_xlpm.x))) -> https://orcid.org/0000-0003-4905-1637 | AA18: =IF(W18="","",_xlfn.LET(_xlpm.x,VLOOKUP(W18,'Drop-down_menus'!$F$2:$G$16,2,FALSE),IF(_xlpm.x=0,"",_xlpm.x))) | AB18: Ethanol 96 | AH18: Not collected | AI18: Bruno Danis | AJ18: BIODIVERSITY_MEGABENTHOS
A19: DIV_2 | C19: 73 | D19: Incubation core | J19: =IF($I19="","",_xlfn.LET(_xlpm.x,VLOOKUP($I19,'taxon-match_2026-08-31'!$A$2:$N$122,6,FALSE),IF(_xlpm.x=0,"",_xlpm.x))) | K19: =IF($I19="","",_xlfn.LET(_xlpm.x,VLOOKUP($I19,'taxon-match_2026-08-31'!$A$2:$N$122,4,FALSE),IF(_xlpm.x=0,"",_xlpm.x))) | L19: =IF($I19="","",_xlfn.LET(_xlpm.x,VLOOKUP($I19,'taxon-match_2026-08-31'!$A$2:$N$122,7,FALSE),IF(_xlpm.x=0,"",_xlpm.x))) | M19: =IF($I19="","",_xlfn.LET(_xlpm.x,VLOOKUP($I19,'taxon-match_2026-08-31'!$A$2:$N$122,8,FALSE),IF(_xlpm.x=0,"",_xlpm.x))) | N19: =IF($I19="","",_xlfn.LET(_xlpm.x,VLOOKUP($I19,'taxon-match_2026-08-31'!$A$2:$N$122,9,FALSE),IF(_xlpm.x=0,"",_xlpm.x))) | O19: =IF($I19="","",_xlfn.LET(_xlpm.x,VLOOKUP($I19,'taxon-match_2026-08-31'!$A$2:$N$122,10,FALSE),IF(_xlpm.x=0,"",_xlpm.x))) | P19: =IF($I19="","",_xlfn.LET(_xlpm.x,VLOOKUP($I19,'taxon-match_2026-08-31'!$A$2:$N$122,11,FALSE),IF(_xlpm.x=0,"",_xlpm.x))) | Q19: =IF($I19="","",_xlfn.LET(_xlpm.x,VLOOKUP($I19,'taxon-match_2026-08-31'!$A$2:$N$122,12,FALSE),IF(_xlpm.x=0,"",_xlpm.x))) | R19: =IF($I19="","",_xlfn.LET(_xlpm.x,VLOOKUP($I19,'taxon-match_2026-08-31'!$A$2:$N$122,14,FALSE),IF(_xlpm.x=0,"",_xlpm.x))) | T19: Emil De Borger | X19: =IF(T19="","",_xlfn.LET(_xlpm.x,VLOOKUP(T19,'Drop-down_menus'!$F$2:$G$16,2,FALSE),IF(_xlpm.x=0,"",_xlpm.x))) -> https://orcid.org/0000-0003-4905-1637 | Y19: =IF(U19="","",_xlfn.LET(_xlpm.x,VLOOKUP(U19,'Drop-down_menus'!$F$2:$G$16,2,FALSE),IF(_xlpm.x=0,"",_xlpm.x))) | Z19: =IF(V19="","",_xlfn.LET(_xlpm.x,VLOOKUP(V19,'Drop-down_menus'!$F$2:$G$16,2,FALSE),IF(_xlpm.x=0,"",_xlpm.x))) | AA19: =IF(W19="","",_xlfn.LET(_xlpm.x,VLOOKUP(W19,'Drop-down_menus'!$F$2:$G$16,2,FALSE),IF(_xlpm.x=0,"",_xlpm.x)))
A20: DIV_2 | C20: 74 | D20: Incubation core | J20: =IF($I20="","",_xlfn.LET(_xlpm.x,VLOOKUP($I20,'taxon-match_2026-08-31'!$A$2:$N$122,6,FALSE),IF(_xlpm.x=0,"",_xlpm.x))) | K20: =IF($I20="","",_xlfn.LET(_xlpm.x,VLOOKUP($I20,'taxon-match_2026-08-31'!$A$2:$N$122,4,FALSE),IF(_xlpm.x=0,"",_xlpm.x))) | L20: =IF($I20="","",_xlfn.LET(_xlpm.x,VLOOKUP($I20,'taxon-match_2026-08-31'!$A$2:$N$122,7,FALSE),IF(_xlpm.x=0,"",_xlpm.x))) | M20: =IF($I20="","",_xlfn.LET(_xlpm.x,VLOOKUP($I20,'taxon-match_2026-08-31'!$A$2:$N$122,8,FALSE),IF(_xlpm.x=0,"",_xlpm.x))) | N20: =IF($I20="","",_xlfn.LET(_xlpm.x,VLOOKUP($I20,'taxon-match_2026-08-31'!$A$2:$N$122,9,FALSE),IF(_xlpm.x=0,"",_xlpm.x))) | O20: =IF($I20="","",_xlfn.LET(_xlpm.x,VLOOKUP($I20,'taxon-match_2026-08-31'!$A$2:$N$122,10,FALSE),IF(_xlpm.x=0,"",_xlpm.x))) | P20: =IF($I20="","",_xlfn.LET(_xlpm.x,VLOOKUP($I20,'taxon-match_2026-08-31'!$A$2:$N$122,11,FALSE),IF(_xlpm.x=0,"",_xlpm.x))) | Q20: =IF($I20="","",_xlfn.LET(_xlpm.x,VLOOKUP($I20,'taxon-match_2026-08-31'!$A$2:$N$122,12,FALSE),IF(_xlpm.x=0,"",_xlpm.x))) | R20: =IF($I20="","",_xlfn.LET(_xlpm.x,VLOOKUP($I20,'taxon-match_2026-08-31'!$A$2:$N$122,14,FALSE),IF(_xlpm.x=0,"",_xlpm.x))) | T20: Emil De Borger | X20: =IF(T20="","",_xlfn.LET(_xlpm.x,VLOOKUP(T20,'Drop-down_menus'!$F$2:$G$16,2,FALSE),IF(_xlpm.x=0,"",_xlpm.x))) -> https://orcid.org/0000-0003-4905-1637 | Y20: =IF(U20="","",_xlfn.LET(_xlpm.x,VLOOKUP(U20,'Drop-down_menus'!$F$2:$G$16,2,FALSE),IF(_xlpm.x=0,"",_xlpm.x))) | Z20: =IF(V20="","",_xlfn.LET(_xlpm.x,VLOOKUP(V20,'Drop-down_menus'!$F$2:$G$16,2,FALSE),IF(_xlpm.x=0,"",_xlpm.x))) | AA20: =IF(W20="","",_xlfn.LET(_xlpm.x,VLOOKUP(W20,'Drop-down_menus'!$F$2:$G$16,2,FALSE),IF(_xlpm.x=0,"",_xlpm.x)))
A21: DIV_2 | C21: 75 | D21: Incubation core | J21: =IF($I21="","",_xlfn.LET(_xlpm.x,VLOOKUP($I21,'taxon-match_2026-08-31'!$A$2:$N$122,6,FALSE),IF(_xlpm.x=0,"",_xlpm.x))) | K21: =IF($I21="","",_xlfn.LET(_xlpm.x,VLOOKUP($I21,'taxon-match_2026-08-31'!$A$2:$N$122,4,FALSE),IF(_xlpm.x=0,"",_xlpm.x))) | L21: =IF($I21="","",_xlfn.LET(_xlpm.x,VLOOKUP($I21,'taxon-match_2026-08-31'!$A$2:$N$122,7,FALSE),IF(_xlpm.x=0,"",_xlpm.x))) | M21: =IF($I21="","",_xlfn.LET(_xlpm.x,VLOOKUP($I21,'taxon-match_2026-08-31'!$A$2:$N$122,8,FALSE),IF(_xlpm.x=0,"",_xlpm.x))) | N21: =IF($I21="","",_xlfn.LET(_xlpm.x,VLOOKUP($I21,'taxon-match_2026-08-31'!$A$2:$N$122,9,FALSE),IF(_xlpm.x=0,"",_xlpm.x))) | O21: =IF($I21="","",_xlfn.LET(_xlpm.x,VLOOKUP($I21,'taxon-match_2026-08-31'!$A$2:$N$122,10,FALSE),IF(_xlpm.x=0,"",_xlpm.x))) | P21: =IF($I21="","",_xlfn.LET(_xlpm.x,VLOOKUP($I21,'taxon-match_2026-08-31'!$A$2:$N$122,11,FALSE),IF(_xlpm.x=0,"",_xlpm.x))) | Q21: =IF($I21="","",_xlfn.LET(_xlpm.x,VLOOKUP($I21,'taxon-match_2026-08-31'!$A$2:$N$122,12,FALSE),IF(_xlpm.x=0,"",_xlpm.x))) | R21: =IF($I21="","",_xlfn.LET(_xlpm.x,VLOOKUP($I21,'taxon-match_2026-08-31'!$A$2:$N$122,14,FALSE),IF(_xlpm.x=0,"",_xlpm.x))) | T21: Emil De Borger | X21: =IF(T21="","",_xlfn.LET(_xlpm.x,VLOOKUP(T21,'Drop-down_menus'!$F$2:$G$16,2,FALSE),IF(_xlpm.x=0,"",_xlpm.x))) -> https://orcid.org/0000-0003-4905-1637 | Y21: =IF(U21="","",_xlfn.LET(_xlpm.x,VLOOKUP(U21,'Drop-down_menus'!$F$2:$G$16,2,FALSE),IF(_xlpm.x=0,"",_xlpm.x))) | Z21: =IF(V21="","",_xlfn.LET(_xlpm.x,VLOOKUP(V21,'Drop-down_menus'!$F$2:$G$16,2,FALSE),IF(_xlpm.x=0,"",_xlpm.x))) | AA21: =IF(W21="","",_xlfn.LET(_xlpm.x,VLOOKUP(W21,'Drop-down_menus'!$F$2:$G$16,2,FALSE),IF(_xlpm.x=0,"",_xlpm.x)))
A22: DIV_2 | C22: 76 | D22: Pb210 core | J22: =IF($I22="","",_xlfn.LET(_xlpm.x,VLOOKUP($I22,'taxon-match_2026-08-31'!$A$2:$N$122,6,FALSE),IF(_xlpm.x=0,"",_xlpm.x))) | K22: =IF($I22="","",_xlfn.LET(_xlpm.x,VLOOKUP($I22,'taxon-match_2026-08-31'!$A$2:$N$122,4,FALSE),IF(_xlpm.x=0,"",_xlpm.x))) | L22: =IF($I22="","",_xlfn.LET(_xlpm.x,VLOOKUP($I22,'taxon-match_2026-08-31'!$A$2:$N$122,7,FALSE),IF(_xlpm.x=0,"",_xlpm.x))) | M22: =IF($I22="","",_xlfn.LET(_xlpm.x,VLOOKUP($I22,'taxon-match_2026-08-31'!$A$2:$N$122,8,FALSE),IF(_xlpm.x=0,"",_xlpm.x))) | N22: =IF($I22="","",_xlfn.LET(_xlpm.x,VLOOKUP($I22,'taxon-match_2026-08-31'!$A$2:$N$122,9,FALSE),IF(_xlpm.x=0,"",_xlpm.x))) | O22: =IF($I22="","",_xlfn.LET(_xlpm.x,VLOOKUP($I22,'taxon-match_2026-08-31'!$A$2:$N$122,10,FALSE),IF(_xlpm.x=0,"",_xlpm.x))) | P22: =IF($I22="","",_xlfn.LET(_xlpm.x,VLOOKUP($I22,'taxon-match_2026-08-31'!$A$2:$N$122,11,FALSE),IF(_xlpm.x=0,"",_xlpm.x))) | Q22: =IF($I22="","",_xlfn.LET(_xlpm.x,VLOOKUP($I22,'taxon-match_2026-08-31'!$A$2:$N$122,12,FALSE),IF(_xlpm.x=0,"",_xlpm.x))) | R22: =IF($I22="","",_xlfn.LET(_xlpm.x,VLOOKUP($I22,'taxon-match_2026-08-31'!$A$2:$N$122,14,FALSE),IF(_xlpm.x=0,"",_xlpm.x))) | T22: Emil De Borger | X22: =IF(T22="","",_xlfn.LET(_xlpm.x,VLOOKUP(T22,'Drop-down_menus'!$F$2:$G$16,2,FALSE),IF(_xlpm.x=0,"",_xlpm.x))) -> https://orcid.org/0000-0003-4905-1637 | Y22: =IF(U22="","",_xlfn.LET(_xlpm.x,VLOOKUP(U22,'Drop-down_menus'!$F$2:$G$16,2,FALSE),IF(_xlpm.x=0,"",_xlpm.x))) | Z22: =IF(V22="","",_xlfn.LET(_xlpm.x,VLOOKUP(V22,'Drop-down_menus'!$F$2:$G$16,2,FALSE),IF(_xlpm.x=0,"",_xlpm.x))) | AA22: =IF(W22="","",_xlfn.LET(_xlpm.x,VLOOKUP(W22,'Drop-down_menus'!$F$2:$G$16,2,FALSE),IF(_xlpm.x=0,"",_xlpm.x)))
A23: DIV_2 | C23: 77 | D23: TOC/Pigments core | J23: =IF($I23="","",_xlfn.LET(_xlpm.x,VLOOKUP($I23,'taxon-match_2026-08-31'!$A$2:$N$122,6,FALSE),IF(_xlpm.x=0,"",_xlpm.x))) | K23: =IF($I23="","",_xlfn.LET(_xlpm.x,VLOOKUP($I23,'taxon-match_2026-08-31'!$A$2:$N$122,4,FALSE),IF(_xlpm.x=0,"",_xlpm.x))) | L23: =IF($I23="","",_xlfn.LET(_xlpm.x,VLOOKUP($I23,'taxon-match_2026-08-31'!$A$2:$N$122,7,FALSE),IF(_xlpm.x=0,"",_xlpm.x))) | M23: =IF($I23="","",_xlfn.LET(_xlpm.x,VLOOKUP($I23,'taxon-match_2026-08-31'!$A$2:$N$122,8,FALSE),IF(_xlpm.x=0,"",_xlpm.x))) | N23: =IF($I23="","",_xlfn.LET(_xlpm.x,VLOOKUP($I23,'taxon-match_2026-08-31'!$A$2:$N$122,9,FALSE),IF(_xlpm.x=0,"",_xlpm.x))) | O23: =IF($I23="","",_xlfn.LET(_xlpm.x,VLOOKUP($I23,'taxon-match_2026-08-31'!$A$2:$N$122,10,FALSE),IF(_xlpm.x=0,"",_xlpm.x))) | P23: =IF($I23="","",_xlfn.LET(_xlpm.x,VLOOKUP($I23,'taxon-match_2026-08-31'!$A$2:$N$122,11,FALSE),IF(_xlpm.x=0,"",_xlpm.x))) | Q23: =IF($I23="","",_xlfn.LET(_xlpm.x,VLOOKUP($I23,'taxon-match_2026-08-31'!$A$2:$N$122,12,FALSE),IF(_xlpm.x=0,"",_xlpm.x))) | R23: =IF($I23="","",_xlfn.LET(_xlpm.x,VLOOKUP($I23,'taxon-match_2026-08-31'!$A$2:$N$122,14,FALSE),IF(_xlpm.x=0,"",_xlpm.x))) | T23: Emil De Borger | X23: =IF(T23="","",_xlfn.LET(_xlpm.x,VLOOKUP(T23,'Drop-down_menus'!$F$2:$G$16,2,FALSE),IF(_xlpm.x=0,"",_xlpm.x))) -> https://orcid.org/0000-0003-4905-1637 | Y23: =IF(U23="","",_xlfn.LET(_xlpm.x,VLOOKUP(U23,'Drop-down_menus'!$F$2:$G$16,2,FALSE),IF(_xlpm.x=0,"",_xlpm.x))) | Z23: =IF(V23="","",_xlfn.LET(_xlpm.x,VLOOKUP(V23,'Drop-down_menus'!$F$2:$G$16,2,FALSE),IF(_xlpm.x=0,"",_xlpm.x))) | AA23: =IF(W23="","",_xlfn.LET(_xlpm.x,VLOOKUP(W23,'Drop-down_menus'!$F$2:$G$16,2,FALSE),IF(_xlpm.x=0,"",_xlpm.x)))
A24: DIV_2 | C24: 78 | D24: TOC/Pigments core | J24: =IF($I24="","",_xlfn.LET(_xlpm.x,VLOOKUP($I24,'taxon-match_2026-08-31'!$A$2:$N$122,6,FALSE),IF(_xlpm.x=0,"",_xlpm.x))) | K24: =IF($I24="","",_xlfn.LET(_xlpm.x,VLOOKUP($I24,'taxon-match_2026-08-31'!$A$2:$N$122,4,FALSE),IF(_xlpm.x=0,"",_xlpm.x))) | L24: =IF($I24="","",_xlfn.LET(_xlpm.x,VLOOKUP($I24,'taxon-match_2026-08-31'!$A$2:$N$122,7,FALSE),IF(_xlpm.x=0,"",_xlpm.x))) | M24: =IF($I24="","",_xlfn.LET(_xlpm.x,VLOOKUP($I24,'taxon-match_2026-08-31'!$A$2:$N$122,8,FALSE),IF(_xlpm.x=0,"",_xlpm.x))) | N24: =IF($I24="","",_xlfn.LET(_xlpm.x,VLOOKUP($I24,'taxon-match_2026-08-31'!$A$2:$N$122,9,FALSE),IF(_xlpm.x=0,"",_xlpm.x))) | O24: =IF($I24="","",_xlfn.LET(_xlpm.x,VLOOKUP($I24,'taxon-match_2026-08-31'!$A$2:$N$122,10,FALSE),IF(_xlpm.x=0,"",_xlpm.x))) | P24: =IF($I24="","",_xlfn.LET(_xlpm.x,VLOOKUP($I24,'taxon-match_2026-08-31'!$A$2:$N$122,11,FALSE),IF(_xlpm.x=0,"",_xlpm.x))) | Q24: =IF($I24="","",_xlfn.LET(_xlpm.x,VLOOKUP($I24,'taxon-match_2026-08-31'!$A$2:$N$122,12,FALSE),IF(_xlpm.x=0,"",_xlpm.x))) | R24: =IF($I24="","",_xlfn.LET(_xlpm.x,VLOOKUP($I24,'taxon-match_2026-08-31'!$A$2:$N$122,14,FALSE),IF(_xlpm.x=0,"",_xlpm.x))) | T24: Emil De Borger | X24: =IF(T24="","",_xlfn.LET(_xlpm.x,VLOOKUP(T24,'Drop-down_menus'!$F$2:$G$16,2,FALSE),IF(_xlpm.x=0,"",_xlpm.x))) -> https://orcid.org/0000-0003-4905-1637 | Y24: =IF(U24="","",_xlfn.LET(_xlpm.x,VLOOKUP(U24,'Drop-down_menus'!$F$2:$G$16,2,FALSE),IF(_xlpm.x=0,"",_xlpm.x))) | Z24: =IF(V24="","",_xlfn.LET(_xlpm.x,VLOOKUP(V24,'Drop-down_menus'!$F$2:$G$16,2,FALSE),IF(_xlpm.x=0,"",_xlpm.x))) | AA24: =IF(W24="","",_xlfn.LET(_xlpm.x,VLOOKUP(W24,'Drop-down_menus'!$F$2:$G$16,2,FALSE),IF(_xlpm.x=0,"",_xlpm.x)))
A25: DIV_2 | C25: 79 | D25: TOC/Pigments core | J25: =IF($I25="","",_xlfn.LET(_xlpm.x,VLOOKUP($I25,'taxon-match_2026-08-31'!$A$2:$N$122,6,FALSE),IF(_xlpm.x=0,"",_xlpm.x))) | K25: =IF($I25="","",_xlfn.LET(_xlpm.x,VLOOKUP($I25,'taxon-match_2026-08-31'!$A$2:$N$122,4,FALSE),IF(_xlpm.x=0,"",_xlpm.x))) | L25: =IF($I25="","",_xlfn.LET(_xlpm.x,VLOOKUP($I25,'taxon-match_2026-08-31'!$A$2:$N$122,7,FALSE),IF(_xlpm.x=0,"",_xlpm.x))) | M25: =IF($I25="","",_xlfn.LET(_xlpm.x,VLOOKUP($I25,'taxon-match_2026-08-31'!$A$2:$N$122,8,FALSE),IF(_xlpm.x=0,"",_xlpm.x))) | N25: =IF($I25="","",_xlfn.LET(_xlpm.x,VLOOKUP($I25,'taxon-match_2026-08-31'!$A$2:$N$122,9,FALSE),IF(_xlpm.x=0,"",_xlpm.x))) | O25: =IF($I25="","",_xlfn.LET(_xlpm.x,VLOOKUP($I25,'taxon-match_2026-08-31'!$A$2:$N$122,10,FALSE),IF(_xlpm.x=0,"",_xlpm.x))) | P25: =IF($I25="","",_xlfn.LET(_xlpm.x,VLOOKUP($I25,'taxon-match_2026-08-31'!$A$2:$N$122,11,FALSE),IF(_xlpm.x=0,"",_xlpm.x))) | Q25: =IF($I25="","",_xlfn.LET(_xlpm.x,VLOOKUP($I25,'taxon-match_2026-08-31'!$A$2:$N$122,12,FALSE),IF(_xlpm.x=0,"",_xlpm.x))) | R25: =IF($I25="","",_xlfn.LET(_xlpm.x,VLOOKUP($I25,'taxon-match_2026-08-31'!$A$2:$N$122,14,FALSE),IF(_xlpm.x=0,"",_xlpm.x))) | T25: Emil De Borger | X25: =IF(T25="","",_xlfn.LET(_xlpm.x,VLOOKUP(T25,'Drop-down_menus'!$F$2:$G$16,2,FALSE),IF(_xlpm.x=0,"",_xlpm.x))) -> https://orcid.org/0000-0003-4905-1637 | Y25: =IF(U25="","",_xlfn.LET(_xlpm.x,VLOOKUP(U25,'Drop-down_menus'!$F$2:$G$16,2,FALSE),IF(_xlpm.x=0,"",_xlpm.x))) | Z25: =IF(V25="","",_xlfn.LET(_xlpm.x,VLOOKUP(V25,'Drop-down_menus'!$F$2:$G$16,2,FALSE),IF(_xlpm.x=0,"",_xlpm.x))) | AA25: =IF(W25="","",_xlfn.LET(_xlpm.x,VLOOKUP(W25,'Drop-down_menus'!$F$2:$G$16,2,FALSE),IF(_xlpm.x=0,"",_xlpm.x)))
A26: DIV_2 | C26: 80 | D26: Meiobenthos core | J26: =IF($I26="","",_xlfn.LET(_xlpm.x,VLOOKUP($I26,'taxon-match_2026-08-31'!$A$2:$N$122,6,FALSE),IF(_xlpm.x=0,"",_xlpm.x))) | K26: =IF($I26="","",_xlfn.LET(_xlpm.x,VLOOKUP($I26,'taxon-match_2026-08-31'!$A$2:$N$122,4,FALSE),IF(_xlpm.x=0,"",_xlpm.x))) | L26: =IF($I26="","",_xlfn.LET(_xlpm.x,VLOOKUP($I26,'taxon-match_2026-08-31'!$A$2:$N$122,7,FALSE),IF(_xlpm.x=0,"",_xlpm.x))) | M26: =IF($I26="","",_xlfn.LET(_xlpm.x,VLOOKUP($I26,'taxon-match_2026-08-31'!$A$2:$N$122,8,FALSE),IF(_xlpm.x=0,"",_xlpm.x))) | N26: =IF($I26="","",_xlfn.LET(_xlpm.x,VLOOKUP($I26,'taxon-match_2026-08-31'!$A$2:$N$122,9,FALSE),IF(_xlpm.x=0,"",_xlpm.x))) | O26: =IF($I26="","",_xlfn.LET(_xlpm.x,VLOOKUP($I26,'taxon-match_2026-08-31'!$A$2:$N$122,10,FALSE),IF(_xlpm.x=0,"",_xlpm.x))) | P26: =IF($I26="","",_xlfn.LET(_xlpm.x,VLOOKUP($I26,'taxon-match_2026-08-31'!$A$2:$N$122,11,FALSE),IF(_xlpm.x=0,"",_xlpm.x))) | Q26: =IF($I26="","",_xlfn.LET(_xlpm.x,VLOOKUP($I26,'taxon-match_2026-08-31'!$A$2:$N$122,12,FALSE),IF(_xlpm.x=0,"",_xlpm.x))) | R26: =IF($I26="","",_xlfn.LET(_xlpm.x,VLOOKUP($I26,'taxon-match_2026-08-31'!$A$2:$N$122,14,FALSE),IF(_xlpm.x=0,"",_xlpm.x))) | T26: Emil De Borger | X26: =IF(T26="","",_xlfn.LET(_xlpm.x,VLOOKUP(T26,'Drop-down_menus'!$F$2:$G$16,2,FALSE),IF(_xlpm.x=0,"",_xlpm.x))) -> https://orcid.org/0000-0003-4905-1637 | Y26: =IF(U26="","",_xlfn.LET(_xlpm.x,VLOOKUP(U26,'Drop-down_menus'!$F$2:$G$16,2,FALSE),IF(_xlpm.x=0,"",_xlpm.x))) | Z26: =IF(V26="","",_xlfn.LET(_xlpm.x,VLOOKUP(V26,'Drop-down_menus'!$F$2:$G$16,2,FALSE),IF(_xlpm.x=0,"",_xlpm.x))) | AA26: =IF(W26="","",_xlfn.LET(_xlpm.x,VLOOKUP(W26,'Drop-down_menus'!$F$2:$G$16,2,FALSE),IF(_xlpm.x=0,"",_xlpm.x)))
A27: DIV_2 | C27: 81 | D27: Meiobenthos core | J27: =IF($I27="","",_xlfn.LET(_xlpm.x,VLOOKUP($I27,'taxon-match_2026-08-31'!$A$2:$N$122,6,FALSE),IF(_xlpm.x=0,"",_xlpm.x))) | K27: =IF($I27="","",_xlfn.LET(_xlpm.x,VLOOKUP($I27,'taxon-match_2026-08-31'!$A$2:$N$122,4,FALSE),IF(_xlpm.x=0,"",_xlpm.x))) | L27: =IF($I27="","",_xlfn.LET(_xlpm.x,VLOOKUP($I27,'taxon-match_2026-08-31'!$A$2:$N$122,7,FALSE),IF(_xlpm.x=0,"",_xlpm.x))) | M27: =IF($I27="","",_xlfn.LET(_xlpm.x,VLOOKUP($I27,'taxon-match_2026-08-31'!$A$2:$N$122,8,FALSE),IF(_xlpm.x=0,"",_xlpm.x))) | N27: =IF($I27="","",_xlfn.LET(_xlpm.x,VLOOKUP($I27,'taxon-match_2026-08-31'!$A$2:$N$122,9,FALSE),IF(_xlpm.x=0,"",_xlpm.x))) | O27: =IF($I27="","",_xlfn.LET(_xlpm.x,VLOOKUP($I27,'taxon-match_2026-08-31'!$A$2:$N$122,10,FALSE),IF(_xlpm.x=0,"",_xlpm.x))) | P27: =IF($I27="","",_xlfn.LET(_xlpm.x,VLOOKUP($I27,'taxon-match_2026-08-31'!$A$2:$N$122,11,FALSE),IF(_xlpm.x=0,"",_xlpm.x))) | Q27: =IF($I27="","",_xlfn.LET(_xlpm.x,VLOOKUP($I27,'taxon-match_2026-08-31'!$A$2:$N$122,12,FALSE),IF(_xlpm.x=0,"",_xlpm.x))) | R27: =IF($I27="","",_xlfn.LET(_xlpm.x,VLOOKUP($I27,'taxon-match_2026-08-31'!$A$2:$N$122,14,FALSE),IF(_xlpm.x=0,"",_xlpm.x))) | T27: Emil De Borger | X27: =IF(T27="","",_xlfn.LET(_xlpm.x,VLOOKUP(T27,'Drop-down_menus'!$F$2:$G$16,2,FALSE),IF(_xlpm.x=0,"",_xlpm.x))) -> https://orcid.org/0000-0003-4905-1637 | Y27: =IF(U27="","",_xlfn.LET(_xlpm.x,VLOOKUP(U27,'Drop-down_menus'!$F$2:$G$16,2,FALSE),IF(_xlpm.x=0,"",_xlpm.x))) | Z27: =IF(V27="","",_xlfn.LET(_xlpm.x,VLOOKUP(V27,'Drop-down_menus'!$F$2:$G$16,2,FALSE),IF(_xlpm.x=0,"",_xlpm.x))) | AA27: =IF(W27="","",_xlfn.LET(_xlpm.x,VLOOKUP(W27,'Drop-down_menus'!$F$2:$G$16,2,FALSE),IF(_xlpm.x=0,"",_xlpm.x)))
A28: DIV_2 | C28: 82 | D28: Meiobenthos core | J28: =IF($I28="","",_xlfn.LET(_xlpm.x,VLOOKUP($I28,'taxon-match_2026-08-31'!$A$2:$N$122,6,FALSE),IF(_xlpm.x=0,"",_xlpm.x))) | K28: =IF($I28="","",_xlfn.LET(_xlpm.x,VLOOKUP($I28,'taxon-match_2026-08-31'!$A$2:$N$122,4,FALSE),IF(_xlpm.x=0,"",_xlpm.x))) | L28: =IF($I28="","",_xlfn.LET(_xlpm.x,VLOOKUP($I28,'taxon-match_2026-08-31'!$A$2:$N$122,7,FALSE),IF(_xlpm.x=0,"",_xlpm.x))) | M28: =IF($I28="","",_xlfn.LET(_xlpm.x,VLOOKUP($I28,'taxon-match_2026-08-31'!$A$2:$N$122,8,FALSE),IF(_xlpm.x=0,"",_xlpm.x))) | N28: =IF($I28="","",_xlfn.LET(_xlpm.x,VLOOKUP($I28,'taxon-match_2026-08-31'!$A$2:$N$122,9,FALSE),IF(_xlpm.x=0,"",_xlpm.x))) | O28: =IF($I28="","",_xlfn.LET(_xlpm.x,VLOOKUP($I28,'taxon-match_2026-08-31'!$A$2:$N$122,10,FALSE),IF(_xlpm.x=0,"",_xlpm.x))) | P28: =IF($I28="","",_xlfn.LET(_xlpm.x,VLOOKUP($I28,'taxon-match_2026-08-31'!$A$2:$N$122,11,FALSE),IF(_xlpm.x=0,"",_xlpm.x))) | Q28: =IF($I28="","",_xlfn.LET(_xlpm.x,VLOOKUP($I28,'taxon-match_2026-08-31'!$A$2:$N$122,12,FALSE),IF(_xlpm.x=0,"",_xlpm.x))) | R28: =IF($I28="","",_xlfn.LET(_xlpm.x,VLOOKUP($I28,'taxon-match_2026-08-31'!$A$2:$N$122,14,FALSE),IF(_xlpm.x=0,"",_xlpm.x))) | T28: Emil De Borger | X28: =IF(T28="","",_xlfn.LET(_xlpm.x,VLOOKUP(T28,'Drop-down_menus'!$F$2:$G$16,2,FALSE),IF(_xlpm.x=0,"",_xlpm.x))) -> https://orcid.org/0000-0003-4905-1637 | Y28: =IF(U28="","",_xlfn.LET(_xlpm.x,VLOOKUP(U28,'Drop-down_menus'!$F$2:$G$16,2,FALSE),IF(_xlpm.x=0,"",_xlpm.x))) | Z28: =IF(V28="","",_xlfn.LET(_xlpm.x,VLOOKUP(V28,'Drop-down_menus'!$F$2:$G$16,2,FALSE),IF(_xlpm.x=0,"",_xlpm.x))) | AA28: =IF(W28="","",_xlfn.LET(_xlpm.x,VLOOKUP(W28,'Drop-down_menus'!$F$2:$G$16,2,FALSE),IF(_xlpm.x=0,"",_xlpm.x)))
A29: DIV_1 | C29: 1 | D29: Biota | F29: Sterechinus neumayeri | H29: Sterechinus neumayeri | I29: Sterechinus neumayeri | J29: =IF($I29="","",_xlfn.LET(_xlpm.x,VLOOKUP($I29,'taxon-match_2026-08-31'!$A$2:$N$122,6,FALSE),IF(_xlpm.x=0,"",_xlpm.x))) -> (Meissner, 1900) | K29: =IF($I29="","",_xlfn.LET(_xlpm.x,VLOOKUP($I29,'taxon-match_2026-08-31'!$A$2:$N$122,4,FALSE),IF(_xlpm.x=0,"",_xlpm.x))) -> urn:lsid:marinespecies.org:taxname:160831 | L29: =IF($I29="","",_xlfn.LET(_xlpm.x,VLOOKUP($I29,'taxon-match_2026-08-31'!$A$2:$N$122,7,FALSE),IF(_xlpm.x=0,"",_xlpm.x))) -> Animalia | M29: =IF($I29="","",_xlfn.LET(_xlpm.x,VLOOKUP($I29,'taxon-match_2026-08-31'!$A$2:$N$122,8,FALSE),IF(_xlpm.x=0,"",_xlpm.x))) -> Echinodermata | N29: =IF($I29="","",_xlfn.LET(_xlpm.x,VLOOKUP($I29,'taxon-match_2026-08-31'!$A$2:$N$122,9,FALSE),IF(_xlpm.x=0,"",_xlpm.x))) -> Echinoidea | O29: =IF($I29="","",_xlfn.LET(_xlpm.x,VLOOKUP($I29,'taxon-match_2026-08-31'!$A$2:$N$122,10,FALSE),IF(_xlpm.x=0,"",_xlpm.x))) -> Camarodonta | P29: =IF($I29="","",_xlfn.LET(_xlpm.x,VLOOKUP($I29,'taxon-match_2026-08-31'!$A$2:$N$122,11,FALSE),IF(_xlpm.x=0,"",_xlpm.x))) -> Echinidae | Q29: =IF($I29="","",_xlfn.LET(_xlpm.x,VLOOKUP($I29,'taxon-match_2026-08-31'!$A$2:$N$122,12,FALSE),IF(_xlpm.x=0,"",_xlpm.x))) -> Sterechinus | R29: =IF($I29="","",_xlfn.LET(_xlpm.x,VLOOKUP($I29,'taxon-match_2026-08-31'!$A$2:$N$122,14,FALSE),IF(_xlpm.x=0,"",_xlpm.x))) -> neumayeri | S29: species | T29: Manon Bayat | U29: Lea Katz | V29: Martin Dogniez | W29: Bruno Danis | X29: =IF(T29="","",_xlfn.LET(_xlpm.x,VLOOKUP(T29,'Drop-down_menus'!$F$2:$G$16,2,FALSE),IF(_xlpm.x=0,"",_xlpm.x))) | Y29: =IF(U29="","",_xlfn.LET(_xlpm.x,VLOOKUP(U29,'Drop-down_menus'!$F$2:$G$16,2,FALSE),IF(_xlpm.x=0,"",_xlpm.x))) -> https://orcid.org/0000-0001-5748-602X | Z29: =IF(V29="","",_xlfn.LET(_xlpm.x,VLOOKUP(V29,'Drop-down_menus'!$F$2:$G$16,2,FALSE),IF(_xlpm.x=0,"",_xlpm.x))) -> https://orcid.org/0000-0002-9708-1761 | AA29: =IF(W29="","",_xlfn.LET(_xlpm.x,VLOOKUP(W29,'Drop-down_menus'!$F$2:$G$16,2,FALSE),IF(_xlpm.x=0,"",_xlpm.x))) -> https://orcid.org/0000-0002-9037-7623 | AB29: Ethanol 96 | AC29: RNA Later | AD29: Dried | AE29: Eppendorf 1.5 ml | AF29: Eppendorf 1.5 ml | AG29: Scintillation vial 20 ml
A30: DIV_1 | C30: 2 | D30: Biota | F30: Sterechinus neumayeri | H30: Sterechinus neumayeri | I30: Sterechinus neumayeri | J30: =IF($I30="","",_xlfn.LET(_xlpm.x,VLOOKUP($I30,'taxon-match_2026-08-31'!$A$2:$N$122,6,FALSE),IF(_xlpm.x=0,"",_xlpm.x))) -> (Meissner, 1900) | K30: =IF($I30="","",_xlfn.LET(_xlpm.x,VLOOKUP($I30,'taxon-match_2026-08-31'!$A$2:$N$122,4,FALSE),IF(_xlpm.x=0,"",_xlpm.x))) -> urn:lsid:marinespecies.org:taxname:160831 | L30: =IF($I30="","",_xlfn.LET(_xlpm.x,VLOOKUP($I30,'taxon-match_2026-08-31'!$A$2:$N$122,7,FALSE),IF(_xlpm.x=0,"",_xlpm.x))) -> Animalia | M30: =IF($I30="","",_xlfn.LET(_xlpm.x,VLOOKUP($I30,'taxon-match_2026-08-31'!$A$2:$N$122,8,FALSE),IF(_xlpm.x=0,"",_xlpm.x))) -> Echinodermata | N30: =IF($I30="","",_xlfn.LET(_xlpm.x,VLOOKUP($I30,'taxon-match_2026-08-31'!$A$2:$N$122,9,FALSE),IF(_xlpm.x=0,"",_xlpm.x))) -> Echinoidea | O30: =IF($I30="","",_xlfn.LET(_xlpm.x,VLOOKUP($I30,'taxon-match_2026-08-31'!$A$2:$N$122,10,FALSE),IF(_xlpm.x=0,"",_xlpm.x))) -> Camarodonta | P30: =IF($I30="","",_xlfn.LET(_xlpm.x,VLOOKUP($I30,'taxon-match_2026-08-31'!$A$2:$N$122,11,FALSE),IF(_xlpm.x=0,"",_xlpm.x))) -> Echinidae | Q30: =IF($I30="","",_xlfn.LET(_xlpm.x,VLOOKUP($I30,'taxon-match_2026-08-31'!$A$2:$N$122,12,FALSE),IF(_xlpm.x=0,"",_xlpm.x))) -> Sterechinus | R30: =IF($I30="","",_xlfn.LET(_xlpm.x,VLOOKUP($I30,'taxon-match_2026-08-31'!$A$2:$N$122,14,FALSE),IF(_xlpm.x=0,"",_xlpm.x))) -> neumayeri | S30: species | T30: Manon Bayat | U30: Lea Katz | V30: Martin Dogniez | W30: Bruno Danis | X30: =IF(T30="","",_xlfn.LET(_xlpm.x,VLOOKUP(T30,'Drop-down_menus'!$F$2:$G$16,2,FALSE),IF(_xlpm.x=0,"",_xlpm.x))) | Y30: =IF(U30="","",_xlfn.LET(_xlpm.x,VLOOKUP(U30,'Drop-down_menus'!$F$2:$G$16,2,FALSE),IF(_xlpm.x=0,"",_xlpm.x))) -> https://orcid.org/0000-0001-5748-602X | Z30: =IF(V30="","",_xlfn.LET(_xlpm.x,VLOOKUP(V30,'Drop-down_menus'!$F$2:$G$16,2,FALSE),IF(_xlpm.x=0,"",_xlpm.x))) -> https://orcid.org/0000-0002-9708-1761 | AA30: =IF(W30="","",_xlfn.LET(_xlpm.x,VLOOKUP(W30,'Drop-down_menus'!$F$2:$G$16,2,FALSE),IF(_xlpm.x=0,"",_xlpm.x))) -> https://orcid.org/0000-0002-9037-7623 | AB30: Ethanol 96 | AC30: RNA Later | AD30: Dried | AE30: Eppendorf 1.5 ml | AF30: Eppendorf 1.5 ml | AG30: Scintillation vial 20 ml
A31: DIV_1 | C31: 3 | D31: Biota | F31: Sterechinus neumayeri | H31: Sterechinus neumayeri | I31: Sterechinus neumayeri | J31: =IF($I31="","",_xlfn.LET(_xlpm.x,VLOOKUP($I31,'taxon-match_2026-08-31'!$A$2:$N$122,6,FALSE),IF(_xlpm.x=0,"",_xlpm.x))) -> (Meissner, 1900) | K31: =IF($I31="","",_xlfn.LET(_xlpm.x,VLOOKUP($I31,'taxon-match_2026-08-31'!$A$2:$N$122,4,FALSE),IF(_xlpm.x=0,"",_xlpm.x))) -> urn:lsid:marinespecies.org:taxname:160831 | L31: =IF($I31="","",_xlfn.LET(_xlpm.x,VLOOKUP($I31,'taxon-match_2026-08-31'!$A$2:$N$122,7,FALSE),IF(_xlpm.x=0,"",_xlpm.x))) -> Animalia | M31: =IF($I31="","",_xlfn.LET(_xlpm.x,VLOOKUP($I31,'taxon-match_2026-08-31'!$A$2:$N$122,8,FALSE),IF(_xlpm.x=0,"",_xlpm.x))) -> Echinodermata | N31: =IF($I31="","",_xlfn.LET(_xlpm.x,VLOOKUP($I31,'taxon-match_2026-08-31'!$A$2:$N$122,9,FALSE),IF(_xlpm.x=0,"",_xlpm.x))) -> Echinoidea | O31: =IF($I31="","",_xlfn.LET(_xlpm.x,VLOOKUP($I31,'taxon-match_2026-08-31'!$A$2:$N$122,10,FALSE),IF(_xlpm.x=0,"",_xlpm.x))) -> Camarodonta | P31: =IF($I31="","",_xlfn.LET(_xlpm.x,VLOOKUP($I31,'taxon-match_2026-08-31'!$A$2:$N$122,11,FALSE),IF(_xlpm.x=0,"",_xlpm.x))) -> Echinidae | Q31: =IF($I31="","",_xlfn.LET(_xlpm.x,VLOOKUP($I31,'taxon-match_2026-08-31'!$A$2:$N$122,12,FALSE),IF(_xlpm.x=0,"",_xlpm.x))) -> Sterechinus | R31: =IF($I31="","",_xlfn.LET(_xlpm.x,VLOOKUP($I31,'taxon-match_2026-08-31'!$A$2:$N$122,14,FALSE),IF(_xlpm.x=0,"",_xlpm.x))) -> neumayeri | S31: species | T31: Manon Bayat | U31: Lea Katz | V31: Martin Dogniez | W31: Bruno Danis | X31: =IF(T31="","",_xlfn.LET(_xlpm.x,VLOOKUP(T31,'Drop-down_menus'!$F$2:$G$16,2,FALSE),IF(_xlpm.x=0,"",_xlpm.x))) | Y31: =IF(U31="","",_xlfn.LET(_xlpm.x,VLOOKUP(U31,'Drop-down_menus'!$F$2:$G$16,2,FALSE),IF(_xlpm.x=0,"",_xlpm.x))) -> https://orcid.org/0000-0001-5748-602X | Z31: =IF(V31="","",_xlfn.LET(_xlpm.x,VLOOKUP(V31,'Drop-down_menus'!$F$2:$G$16,2,FALSE),IF(_xlpm.x=0,"",_xlpm.x))) -> https://orcid.org/0000-0002-9708-1761 | AA31: =IF(W31="","",_xlfn.LET(_xlpm.x,VLOOKUP(W31,'Drop-down_menus'!$F$2:$G$16,2,FALSE),IF(_xlpm.x=0,"",_xlpm.x))) -> https://orcid.org/0000-0002-9037-7623 | AB31: Ethanol 96 | AC31: RNA Later | AD31: Dried | AE31: Eppendorf 1.5 ml | AF31: Eppendorf 1.5 ml | AG31: Scintillation vial 20 ml
A32: DIV_1 | C32: 4 | D32: Biota | F32: Sterechinus neumayeri | H32: Sterechinus neumayeri | I32: Sterechinus neumayeri | J32: =IF($I32="","",_xlfn.LET(_xlpm.x,VLOOKUP($I32,'taxon-match_2026-08-31'!$A$2:$N$122,6,FALSE),IF(_xlpm.x=0,"",_xlpm.x))) -> (Meissner, 1900) | K32: =IF($I32="","",_xlfn.LET(_xlpm.x,VLOOKUP($I32,'taxon-match_2026-08-31'!$A$2:$N$122,4,FALSE),IF(_xlpm.x=0,"",_xlpm.x))) -> urn:lsid:marinespecies.org:taxname:160831 | L32: =IF($I32="","",_xlfn.LET(_xlpm.x,VLOOKUP($I32,'taxon-match_2026-08-31'!$A$2:$N$122,7,FALSE),IF(_xlpm.x=0,"",_xlpm.x))) -> Animalia | M32: =IF($I32="","",_xlfn.LET(_xlpm.x,VLOOKUP($I32,'taxon-match_2026-08-31'!$A$2:$N$122,8,FALSE),IF(_xlpm.x=0,"",_xlpm.x))) -> Echinodermata | N32: =IF($I32="","",_xlfn.LET(_xlpm.x,VLOOKUP($I32,'taxon-match_2026-08-31'!$A$2:$N$122,9,FALSE),IF(_xlpm.x=0,"",_xlpm.x))) -> Echinoidea | O32: =IF($I32="","",_xlfn.LET(_xlpm.x,VLOOKUP($I32,'taxon-match_2026-08-31'!$A$2:$N$122,10,FALSE),IF(_xlpm.x=0,"",_xlpm.x))) -> Camarodonta | P32: =IF($I32="","",_xlfn.LET(_xlpm.x,VLOOKUP($I32,'taxon-match_2026-08-31'!$A$2:$N$122,11,FALSE),IF(_xlpm.x=0,"",_xlpm.x))) -> Echinidae | Q32: =IF($I32="","",_xlfn.LET(_xlpm.x,VLOOKUP($I32,'taxon-match_2026-08-31'!$A$2:$N$122,12,FALSE),IF(_xlpm.x=0,"",_xlpm.x))) -> Sterechinus | R32: =IF($I32="","",_xlfn.LET(_xlpm.x,VLOOKUP($I32,'taxon-match_2026-08-31'!$A$2:$N$122,14,FALSE),IF(_xlpm.x=0,"",_xlpm.x))) -> neumayeri | S32: species | T32: Manon Bayat | U32: Lea Katz | V32: Martin Dogniez | W32: Bruno Danis | X32: =IF(T32="","",_xlfn.LET(_xlpm.x,VLOOKUP(T32,'Drop-down_menus'!$F$2:$G$16,2,FALSE),IF(_xlpm.x=0,"",_xlpm.x))) | Y32: =IF(U32="","",_xlfn.LET(_xlpm.x,VLOOKUP(U32,'Drop-down_menus'!$F$2:$G$16,2,FALSE),IF(_xlpm.x=0,"",_xlpm.x))) -> https://orcid.org/0000-0001-5748-602X | Z32: =IF(V32="","",_xlfn.LET(_xlpm.x,VLOOKUP(V32,'Drop-down_menus'!$F$2:$G$16,2,FALSE),IF(_xlpm.x=0,"",_xlpm.x))) -> https://orcid.org/0000-0002-9708-1761 | AA32: =IF(W32="","",_xlfn.LET(_xlpm.x,VLOOKUP(W32,'Drop-down_menus'!$F$2:$G$16,2,FALSE),IF(_xlpm.x=0,"",_xlpm.x))) -> https://orcid.org/0000-0002-9037-7623 | AB32: Ethanol 96 | AC32: RNA Later | AD32: Dried | AE32: Eppendorf 1.5 ml | AF32: Eppendorf 1.5 ml | AG32: Scintillation vial 20 ml
A33: DIV_1 | C33: 5 | D33: Biota | F33: Sterechinus neumayeri | H33: Sterechinus neumayeri | I33: Sterechinus neumayeri | J33: =IF($I33="","",_xlfn.LET(_xlpm.x,VLOOKUP($I33,'taxon-match_2026-08-31'!$A$2:$N$122,6,FALSE),IF(_xlpm.x=0,"",_xlpm.x))) -> (Meissner, 1900) | K33: =IF($I33="","",_xlfn.LET(_xlpm.x,VLOOKUP($I33,'taxon-match_2026-08-31'!$A$2:$N$122,4,FALSE),IF(_xlpm.x=0,"",_xlpm.x))) -> urn:lsid:marinespecies.org:taxname:160831 | L33: =IF($I33="","",_xlfn.LET(_xlpm.x,VLOOKUP($I33,'taxon-match_2026-08-31'!$A$2:$N$122,7,FALSE),IF(_xlpm.x=0,"",_xlpm.x))) -> Animalia | M33: =IF($I33="","",_xlfn.LET(_xlpm.x,VLOOKUP($I33,'taxon-match_2026-08-31'!$A$2:$N$122,8,FALSE),IF(_xlpm.x=0,"",_xlpm.x))) -> Echinodermata | N33: =IF($I33="","",_xlfn.LET(_xlpm.x,VLOOKUP($I33,'taxon-match_2026-08-31'!$A$2:$N$122,9,FALSE),IF(_xlpm.x=0,"",_xlpm.x))) -> Echinoidea | O33: =IF($I33="","",_xlfn.LET(_xlpm.x,VLOOKUP($I33,'taxon-match_2026-08-31'!$A$2:$N$122,10,FALSE),IF(_xlpm.x=0,"",_xlpm.x))) -> Camarodonta | P33: =IF($I33="","",_xlfn.LET(_xlpm.x,VLOOKUP($I33,'taxon-match_2026-08-31'!$A$2:$N$122,11,FALSE),IF(_xlpm.x=0,"",_xlpm.x))) -> Echinidae | Q33: =IF($I33="","",_xlfn.LET(_xlpm.x,VLOOKUP($I33,'taxon-match_2026-08-31'!$A$2:$N$122,12,FALSE),IF(_xlpm.x=0,"",_xlpm.x))) -> Sterechinus | R33: =IF($I33="","",_xlfn.LET(_xlpm.x,VLOOKUP($I33,'taxon-match_2026-08-31'!$A$2:$N$122,14,FALSE),IF(_xlpm.x=0,"",_xlpm.x))) -> neumayeri | S33: species | T33: Manon Bayat | U33: Lea Katz | V33: Martin Dogniez | W33: Bruno Danis | X33: =IF(T33="","",_xlfn.LET(_xlpm.x,VLOOKUP(T33,'Drop-down_menus'!$F$2:$G$16,2,FALSE),IF(_xlpm.x=0,"",_xlpm.x))) | Y33: =IF(U33="","",_xlfn.LET(_xlpm.x,VLOOKUP(U33,'Drop-down_menus'!$F$2:$G$16,2,FALSE),IF(_xlpm.x=0,"",_xlpm.x))) -> https://orcid.org/0000-0001-5748-602X | Z33: =IF(V33="","",_xlfn.LET(_xlpm.x,VLOOKUP(V33,'Drop-down_menus'!$F$2:$G$16,2,FALSE),IF(_xlpm.x=0,"",_xlpm.x))) -> https://orcid.org/0000-0002-9708-1761 | AA33: =IF(W33="","",_xlfn.LET(_xlpm.x,VLOOKUP(W33,'Drop-down_menus'!$F$2:$G$16,2,FALSE),IF(_xlpm.x=0,"",_xlpm.x))) -> https://orcid.org/0000-0002-9037-7623 | AB33: Ethanol 96 | AC33: RNA Later | AD33: Dried | AE33: Eppendorf 1.5 ml | AF33: Eppendorf 1.5 ml | AG33: Scintillation vial 20 ml
A34: DIV_1 | C34: 6 | D34: Biota | F34: Sterechinus neumayeri | H34: Sterechinus neumayeri | I34: Sterechinus neumayeri | J34: =IF($I34="","",_xlfn.LET(_xlpm.x,VLOOKUP($I34,'taxon-match_2026-08-31'!$A$2:$N$122,6,FALSE),IF(_xlpm.x=0,"",_xlpm.x))) -> (Meissner, 1900) | K34: =IF($I34="","",_xlfn.LET(_xlpm.x,VLOOKUP($I34,'taxon-match_2026-08-31'!$A$2:$N$122,4,FALSE),IF(_xlpm.x=0,"",_xlpm.x))) -> urn:lsid:marinespecies.org:taxname:160831 | L34: =IF($I34="","",_xlfn.LET(_xlpm.x,VLOOKUP($I34,'taxon-match_2026-08-31'!$A$2:$N$122,7,FALSE),IF(_xlpm.x=0,"",_xlpm.x))) -> Animalia | M34: =IF($I34="","",_xlfn.LET(_xlpm.x,VLOOKUP($I34,'taxon-match_2026-08-31'!$A$2:$N$122,8,FALSE),IF(_xlpm.x=0,"",_xlpm.x))) -> Echinodermata | N34: =IF($I34="","",_xlfn.LET(_xlpm.x,VLOOKUP($I34,'taxon-match_2026-08-31'!$A$2:$N$122,9,FALSE),IF(_xlpm.x=0,"",_xlpm.x))) -> Echinoidea | O34: =IF($I34="","",_xlfn.LET(_xlpm.x,VLOOKUP($I34,'taxon-match_2026-08-31'!$A$2:$N$122,10,FALSE),IF(_xlpm.x=0,"",_xlpm.x))) -> Camarodonta | P34: =IF($I34="","",_xlfn.LET(_xlpm.x,VLOOKUP($I34,'taxon-match_2026-08-31'!$A$2:$N$122,11,FALSE),IF(_xlpm.x=0,"",_xlpm.x))) -> Echinidae | Q34: =IF($I34="","",_xlfn.LET(_xlpm.x,VLOOKUP($I34,'taxon-match_2026-08-31'!$A$2:$N$122,12,FALSE),IF(_xlpm.x=0,"",_xlpm.x))) -> Sterechinus | R34: =IF($I34="","",_xlfn.LET(_xlpm.x,VLOOKUP($I34,'taxon-match_2026-08-31'!$A$2:$N$122,14,FALSE),IF(_xlpm.x=0,"",_xlpm.x))) -> neumayeri | S34: species | T34: Manon Bayat | U34: Lea Katz | V34: Martin Dogniez | W34: Bruno Danis | X34: =IF(T34="","",_xlfn.LET(_xlpm.x,VLOOKUP(T34,'Drop-down_menus'!$F$2:$G$16,2,FALSE),IF(_xlpm.x=0,"",_xlpm.x))) | Y34: =IF(U34="","",_xlfn.LET(_xlpm.x,VLOOKUP(U34,'Drop-down_menus'!$F$2:$G$16,2,FALSE),IF(_xlpm.x=0,"",_xlpm.x))) -> https://orcid.org/0000-0001-5748-602X | Z34: =IF(V34="","",_xlfn.LET(_xlpm.x,VLOOKUP(V34,'Drop-down_menus'!$F$2:$G$16,2,FALSE),IF(_xlpm.x=0,"",_xlpm.x))) -> https://orcid.org/0000-0002-9708-1761 | AA34: =IF(W34="","",_xlfn.LET(_xlpm.x,VLOOKUP(W34,'Drop-down_menus'!$F$2:$G$16,2,FALSE),IF(_xlpm.x=0,"",_xlpm.x))) -> https://orcid.org/0000-0002-9037-7623 | AB34: Ethanol 96 | AC34: RNA Later | AD34: Dried | AE34: Eppendorf 1.5 ml | AF34: Eppendorf 1.5 ml | AG34: Scintillation vial 20 ml
A35: DIV_1 | C35: 7 | D35: Biota | F35: Sterechinus neumayeri | H35: Sterechinus neumayeri | I35: Sterechinus neumayeri | J35: =IF($I35="","",_xlfn.LET(_xlpm.x,VLOOKUP($I35,'taxon-match_2026-08-31'!$A$2:$N$122,6,FALSE),IF(_xlpm.x=0,"",_xlpm.x))) -> (Meissner, 1900) | K35: =IF($I35="","",_xlfn.LET(_xlpm.x,VLOOKUP($I35,'taxon-match_2026-08-31'!$A$2:$N$122,4,FALSE),IF(_xlpm.x=0,"",_xlpm.x))) -> urn:lsid:marinespecies.org:taxname:160831 | L35: =IF($I35="","",_xlfn.LET(_xlpm.x,VLOOKUP($I35,'taxon-match_2026-08-31'!$A$2:$N$122,7,FALSE),IF(_xlpm.x=0,"",_xlpm.x))) -> Animalia | M35: =IF($I35="","",_xlfn.LET(_xlpm.x,VLOOKUP($I35,'taxon-match_2026-08-31'!$A$2:$N$122,8,FALSE),IF(_xlpm.x=0,"",_xlpm.x))) -> Echinodermata | N35: =IF($I35="","",_xlfn.LET(_xlpm.x,VLOOKUP($I35,'taxon-match_2026-08-31'!$A$2:$N$122,9,FALSE),IF(_xlpm.x=0,"",_xlpm.x))) -> Echinoidea | O35: =IF($I35="","",_xlfn.LET(_xlpm.x,VLOOKUP($I35,'taxon-match_2026-08-31'!$A$2:$N$122,10,FALSE),IF(_xlpm.x=0,"",_xlpm.x))) -> Camarodonta | P35: =IF($I35="","",_xlfn.LET(_xlpm.x,VLOOKUP($I35,'taxon-match_2026-08-31'!$A$2:$N$122,11,FALSE),IF(_xlpm.x=0,"",_xlpm.x))) -> Echinidae | Q35: =IF($I35="","",_xlfn.LET(_xlpm.x,VLOOKUP($I35,'taxon-match_2026-08-31'!$A$2:$N$122,12,FALSE),IF(_xlpm.x=0,"",_xlpm.x))) -> Sterechinus | R35: =IF($I35="","",_xlfn.LET(_xlpm.x,VLOOKUP($I35,'taxon-match_2026-08-31'!$A$2:$N$122,14,FALSE),IF(_xlpm.x=0,"",_xlpm.x))) -> neumayeri | S35: species | T35: Manon Bayat | U35: Lea Katz | V35: Martin Dogniez | W35: Bruno Danis | X35: =IF(T35="","",_xlfn.LET(_xlpm.x,VLOOKUP(T35,'Drop-down_menus'!$F$2:$G$16,2,FALSE),IF(_xlpm.x=0,"",_xlpm.x))) | Y35: =IF(U35="","",_xlfn.LET(_xlpm.x,VLOOKUP(U35,'Drop-down_menus'!$F$2:$G$16,2,FALSE),IF(_xlpm.x=0,"",_xlpm.x))) -> https://orcid.org/0000-0001-5748-602X | Z35: =IF(V35="","",_xlfn.LET(_xlpm.x,VLOOKUP(V35,'Drop-down_menus'!$F$2:$G$16,2,FALSE),IF(_xlpm.x=0,"",_xlpm.x))) -> https://orcid.org/0000-0002-9708-1761 | AA35: =IF(W35="","",_xlfn.LET(_xlpm.x,VLOOKUP(W35,'Drop-down_menus'!$F$2:$G$16,2,FALSE),IF(_xlpm.x=0,"",_xlpm.x))) -> https://orcid.org/0000-0002-9037-7623 | AB35: Ethanol 96 | AC35: RNA Later | AD35: Dried | AE35: Eppendorf 1.5 ml | AF35: Eppendorf 1.5 ml | AG35: Scintillation vial 20 ml
A36: DIV_1 | C36: 8 | D36: Biota | F36: Sterechinus neumayeri | H36: Sterechinus neumayeri | I36: Sterechinus neumayeri | J36: =IF($I36="","",_xlfn.LET(_xlpm.x,VLOOKUP($I36,'taxon-match_2026-08-31'!$A$2:$N$122,6,FALSE),IF(_xlpm.x=0,"",_xlpm.x))) -> (Meissner, 1900) | K36: =IF($I36="","",_xlfn.LET(_xlpm.x,VLOOKUP($I36,'taxon-match_2026-08-31'!$A$2:$N$122,4,FALSE),IF(_xlpm.x=0,"",_xlpm.x))) -> urn:lsid:marinespecies.org:taxname:160831 | L36: =IF($I36="","",_xlfn.LET(_xlpm.x,VLOOKUP($I36,'taxon-match_2026-08-31'!$A$2:$N$122,7,FALSE),IF(_xlpm.x=0,"",_xlpm.x))) -> Animalia | M36: =IF($I36="","",_xlfn.LET(_xlpm.x,VLOOKUP($I36,'taxon-match_2026-08-31'!$A$2:$N$122,8,FALSE),IF(_xlpm.x=0,"",_xlpm.x))) -> Echinodermata | N36: =IF($I36="","",_xlfn.LET(_xlpm.x,VLOOKUP($I36,'taxon-match_2026-08-31'!$A$2:$N$122,9,FALSE),IF(_xlpm.x=0,"",_xlpm.x))) -> Echinoidea | O36: =IF($I36="","",_xlfn.LET(_xlpm.x,VLOOKUP($I36,'taxon-match_2026-08-31'!$A$2:$N$122,10,FALSE),IF(_xlpm.x=0,"",_xlpm.x))) -> Camarodonta | P36: =IF($I36="","",_xlfn.LET(_xlpm.x,VLOOKUP($I36,'taxon-match_2026-08-31'!$A$2:$N$122,11,FALSE),IF(_xlpm.x=0,"",_xlpm.x))) -> Echinidae | Q36: =IF($I36="","",_xlfn.LET(_xlpm.x,VLOOKUP($I36,'taxon-match_2026-08-31'!$A$2:$N$122,12,FALSE),IF(_xlpm.x=0,"",_xlpm.x))) -> Sterechinus | R36: =IF($I36="","",_xlfn.LET(_xlpm.x,VLOOKUP($I36,'taxon-match_2026-08-31'!$A$2:$N$122,14,FALSE),IF(_xlpm.x=0,"",_xlpm.x))) -> neumayeri | S36: species | T36: Manon Bayat | U36: Lea Katz | V36: Martin Dogniez | W36: Bruno Danis | X36: =IF(T36="","",_xlfn.LET(_xlpm.x,VLOOKUP(T36,'Drop-down_menus'!$F$2:$G$16,2,FALSE),IF(_xlpm.x=0,"",_xlpm.x))) | Y36: =IF(U36="","",_xlfn.LET(_xlpm.x,VLOOKUP(U36,'Drop-down_menus'!$F$2:$G$16,2,FALSE),IF(_xlpm.x=0,"",_xlpm.x))) -> https://orcid.org/0000-0001-5748-602X | Z36: =IF(V36="","",_xlfn.LET(_xlpm.x,VLOOKUP(V36,'Drop-down_menus'!$F$2:$G$16,2,FALSE),IF(_xlpm.x=0,"",_xlpm.x))) -> https://orcid.org/0000-0002-9708-1761 | AA36: =IF(W36="","",_xlfn.LET(_xlpm.x,VLOOKUP(W36,'Drop-down_menus'!$F$2:$G$16,2,FALSE),IF(_xlpm.x=0,"",_xlpm.x))) -> https://orcid.org/0000-0002-9037-7623 | AB36: Ethanol 96 | AC36: RNA Later | AD36: Dried | AE36: Eppendorf 1.5 ml | AF36: Eppendorf 1.5 ml | AG36: Scintillation vial 20 ml
A37: DIV_1 | C37: 9 | D37: Biota | F37: Sterechinus neumayeri | H37: Sterechinus neumayeri | I37: Sterechinus neumayeri | J37: =IF($I37="","",_xlfn.LET(_xlpm.x,VLOOKUP($I37,'taxon-match_2026-08-31'!$A$2:$N$122,6,FALSE),IF(_xlpm.x=0,"",_xlpm.x))) -> (Meissner, 1900) | K37: =IF($I37="","",_xlfn.LET(_xlpm.x,VLOOKUP($I37,'taxon-match_2026-08-31'!$A$2:$N$122,4,FALSE),IF(_xlpm.x=0,"",_xlpm.x))) -> urn:lsid:marinespecies.org:taxname:160831 | L37: =IF($I37="","",_xlfn.LET(_xlpm.x,VLOOKUP($I37,'taxon-match_2026-08-31'!$A$2:$N$122,7,FALSE),IF(_xlpm.x=0,"",_xlpm.x))) -> Animalia | M37: =IF($I37="","",_xlfn.LET(_xlpm.x,VLOOKUP($I37,'taxon-match_2026-08-31'!$A$2:$N$122,8,FALSE),IF(_xlpm.x=0,"",_xlpm.x))) -> Echinodermata | N37: =IF($I37="","",_xlfn.LET(_xlpm.x,VLOOKUP($I37,'taxon-match_2026-08-31'!$A$2:$N$122,9,FALSE),IF(_xlpm.x=0,"",_xlpm.x))) -> Echinoidea | O37: =IF($I37="","",_xlfn.LET(_xlpm.x,VLOOKUP($I37,'taxon-match_2026-08-31'!$A$2:$N$122,10,FALSE),IF(_xlpm.x=0,"",_xlpm.x))) -> Camarodonta | P37: =IF($I37="","",_xlfn.LET(_xlpm.x,VLOOKUP($I37,'taxon-match_2026-08-31'!$A$2:$N$122,11,FALSE),IF(_xlpm.x=0,"",_xlpm.x))) -> Echinidae | Q37: =IF($I37="","",_xlfn.LET(_xlpm.x,VLOOKUP($I37,'taxon-match_2026-08-31'!$A$2:$N$122,12,FALSE),IF(_xlpm.x=0,"",_xlpm.x))) -> Sterechinus | R37: =IF($I37="","",_xlfn.LET(_xlpm.x,VLOOKUP($I37,'taxon-match_2026-08-31'!$A$2:$N$122,14,FALSE),IF(_xlpm.x=0,"",_xlpm.x))) -> neumayeri | S37: species | T37: Manon Bayat | U37: Lea Katz | V37: Martin Dogniez | W37: Bruno Danis | X37: =IF(T37="","",_xlfn.LET(_xlpm.x,VLOOKUP(T37,'Drop-down_menus'!$F$2:$G$16,2,FALSE),IF(_xlpm.x=0,"",_xlpm.x))) | Y37: =IF(U37="","",_xlfn.LET(_xlpm.x,VLOOKUP(U37,'Drop-down_menus'!$F$2:$G$16,2,FALSE),IF(_xlpm.x=0,"",_xlpm.x))) -> https://orcid.org/0000-0001-5748-602X | Z37: =IF(V37="","",_xlfn.LET(_xlpm.x,VLOOKUP(V37,'Drop-down_menus'!$F$2:$G$16,2,FALSE),IF(_xlpm.x=0,"",_xlpm.x))) -> https://orcid.org/0000-0002-9708-1761 | AA37: =IF(W37="","",_xlfn.LET(_xlpm.x,VLOOKUP(W37,'Drop-down_menus'!$F$2:$G$16,2,FALSE),IF(_xlpm.x=0,"",_xlpm.x))) -> https://orcid.org/0000-0002-9037-7623 | AB37: Ethanol 96 | AC37: RNA Later | AD37: Dried | AE37: Eppendorf 1.5 ml | AF37: Eppendorf 1.5 ml | AG37: Scintillation vial 20 ml
A38: DIV_1 | C38: 10 | D38: Biota | F38: Sterechinus neumayeri | H38: Sterechinus neumayeri | I38: Sterechinus neumayeri | J38: =IF($I38="","",_xlfn.LET(_xlpm.x,VLOOKUP($I38,'taxon-match_2026-08-31'!$A$2:$N$122,6,FALSE),IF(_xlpm.x=0,"",_xlpm.x))) -> (Meissner, 1900) | K38: =IF($I38="","",_xlfn.LET(_xlpm.x,VLOOKUP($I38,'taxon-match_2026-08-31'!$A$2:$N$122,4,FALSE),IF(_xlpm.x=0,"",_xlpm.x))) -> urn:lsid:marinespecies.org:taxname:160831 | L38: =IF($I38="","",_xlfn.LET(_xlpm.x,VLOOKUP($I38,'taxon-match_2026-08-31'!$A$2:$N$122,7,FALSE),IF(_xlpm.x=0,"",_xlpm.x))) -> Animalia | M38: =IF($I38="","",_xlfn.LET(_xlpm.x,VLOOKUP($I38,'taxon-match_2026-08-31'!$A$2:$N$122,8,FALSE),IF(_xlpm.x=0,"",_xlpm.x))) -> Echinodermata | N38: =IF($I38="","",_xlfn.LET(_xlpm.x,VLOOKUP($I38,'taxon-match_2026-08-31'!$A$2:$N$122,9,FALSE),IF(_xlpm.x=0,"",_xlpm.x))) -> Echinoidea | O38: =IF($I38="","",_xlfn.LET(_xlpm.x,VLOOKUP($I38,'taxon-match_2026-08-31'!$A$2:$N$122,10,FALSE),IF(_xlpm.x=0,"",_xlpm.x))) -> Camarodonta | P38: =IF($I38="","",_xlfn.LET(_xlpm.x,VLOOKUP($I38,'taxon-match_2026-08-31'!$A$2:$N$122,11,FALSE),IF(_xlpm.x=0,"",_xlpm.x))) -> Echinidae | Q38: =IF($I38="","",_xlfn.LET(_xlpm.x,VLOOKUP($I38,'taxon-match_2026-08-31'!$A$2:$N$122,12,FALSE),IF(_xlpm.x=0,"",_xlpm.x))) -> Sterechinus | R38: =IF($I38="","",_xlfn.LET(_xlpm.x,VLOOKUP($I38,'taxon-match_2026-08-31'!$A$2:$N$122,14,FALSE),IF(_xlpm.x=0,"",_xlpm.x))) -> neumayeri | S38: species | T38: Manon Bayat | U38: Lea Katz | V38: Martin Dogniez | W38: Bruno Danis | X38: =IF(T38="","",_xlfn.LET(_xlpm.x,VLOOKUP(T38,'Drop-down_menus'!$F$2:$G$16,2,FALSE),IF(_xlpm.x=0,"",_xlpm.x))) | Y38: =IF(U38="","",_xlfn.LET(_xlpm.x,VLOOKUP(U38,'Drop-down_menus'!$F$2:$G$16,2,FALSE),IF(_xlpm.x=0,"",_xlpm.x))) -> https://orcid.org/0000-0001-5748-602X | Z38: =IF(V38="","",_xlfn.LET(_xlpm.x,VLOOKUP(V38,'Drop-down_menus'!$F$2:$G$16,2,FALSE),IF(_xlpm.x=0,"",_xlpm.x))) -> https://orcid.org/0000-0002-9708-1761 | AA38: =IF(W38="","",_xlfn.LET(_xlpm.x,VLOOKUP(W38,'Drop-down_menus'!$F$2:$G$16,2,FALSE),IF(_xlpm.x=0,"",_xlpm.x))) -> https://orcid.org/0000-0002-9037-7623 | AB38: Ethanol 96 | AC38: RNA Later | AD38: Dried | AE38: Eppendorf 1.5 ml | AF38: Eppendorf 1.5 ml | AG38: Scintillation vial 20 ml
A39: DIV_1 | C39: 11 | D39: Biota | F39: Sterechinus neumayeri | H39: Sterechinus neumayeri | I39: Sterechinus neumayeri | J39: =IF($I39="","",_xlfn.LET(_xlpm.x,VLOOKUP($I39,'taxon-match_2026-08-31'!$A$2:$N$122,6,FALSE),IF(_xlpm.x=0,"",_xlpm.x))) -> (Meissner, 1900) | K39: =IF($I39="","",_xlfn.LET(_xlpm.x,VLOOKUP($I39,'taxon-match_2026-08-31'!$A$2:$N$122,4,FALSE),IF(_xlpm.x=0,"",_xlpm.x))) -> urn:lsid:marinespecies.org:taxname:160831 | L39: =IF($I39="","",_xlfn.LET(_xlpm.x,VLOOKUP($I39,'taxon-match_2026-08-31'!$A$2:$N$122,7,FALSE),IF(_xlpm.x=0,"",_xlpm.x))) -> Animalia | M39: =IF($I39="","",_xlfn.LET(_xlpm.x,VLOOKUP($I39,'taxon-match_2026-08-31'!$A$2:$N$122,8,FALSE),IF(_xlpm.x=0,"",_xlpm.x))) -> Echinodermata | N39: =IF($I39="","",_xlfn.LET(_xlpm.x,VLOOKUP($I39,'taxon-match_2026-08-31'!$A$2:$N$122,9,FALSE),IF(_xlpm.x=0,"",_xlpm.x))) -> Echinoidea | O39: =IF($I39="","",_xlfn.LET(_xlpm.x,VLOOKUP($I39,'taxon-match_2026-08-31'!$A$2:$N$122,10,FALSE),IF(_xlpm.x=0,"",_xlpm.x))) -> Camarodonta | P39: =IF($I39="","",_xlfn.LET(_xlpm.x,VLOOKUP($I39,'taxon-match_2026-08-31'!$A$2:$N$122,11,FALSE),IF(_xlpm.x=0,"",_xlpm.x))) -> Echinidae | Q39: =IF($I39="","",_xlfn.LET(_xlpm.x,VLOOKUP($I39,'taxon-match_2026-08-31'!$A$2:$N$122,12,FALSE),IF(_xlpm.x=0,"",_xlpm.x))) -> Sterechinus | R39: =IF($I39="","",_xlfn.LET(_xlpm.x,VLOOKUP($I39,'taxon-match_2026-08-31'!$A$2:$N$122,14,FALSE),IF(_xlpm.x=0,"",_xlpm.x))) -> neumayeri | S39: species | T39: Manon Bayat | U39: Lea Katz | V39: Martin Dogniez | W39: Bruno Danis | X39: =IF(T39="","",_xlfn.LET(_xlpm.x,VLOOKUP(T39,'Drop-down_menus'!$F$2:$G$16,2,FALSE),IF(_xlpm.x=0,"",_xlpm.x))) | Y39: =IF(U39="","",_xlfn.LET(_xlpm.x,VLOOKUP(U39,'Drop-down_menus'!$F$2:$G$16,2,FALSE),IF(_xlpm.x=0,"",_xlpm.x))) -> https://orcid.org/0000-0001-5748-602X | Z39: =IF(V39="","",_xlfn.LET(_xlpm.x,VLOOKUP(V39,'Drop-down_menus'!$F$2:$G$16,2,FALSE),IF(_xlpm.x=0,"",_xlpm.x))) -> https://orcid.org/0000-0002-9708-1761 | AA39: =IF(W39="","",_xlfn.LET(_xlpm.x,VLOOKUP(W39,'Drop-down_menus'!$F$2:$G$16,2,FALSE),IF(_xlpm.x=0,"",_xlpm.x))) -> https://orcid.org/0000-0002-9037-7623 | AB39: Ethanol 96 | AC39: RNA Later | AD39: Dried | AE39: Eppendorf 1.5 ml | AF39: Eppendorf 1.5 ml | AG39: Scintillation vial 20 ml
A40: DIV_1 | C40: 12 | D40: Biota | F40: Sterechinus neumayeri | H40: Sterechinus neumayeri | I40: Sterechinus neumayeri | J40: =IF($I40="","",_xlfn.LET(_xlpm.x,VLOOKUP($I40,'taxon-match_2026-08-31'!$A$2:$N$122,6,FALSE),IF(_xlpm.x=0,"",_xlpm.x))) -> (Meissner, 1900) | K40: =IF($I40="","",_xlfn.LET(_xlpm.x,VLOOKUP($I40,'taxon-match_2026-08-31'!$A$2:$N$122,4,FALSE),IF(_xlpm.x=0,"",_xlpm.x))) -> urn:lsid:marinespecies.org:taxname:160831 | L40: =IF($I40="","",_xlfn.LET(_xlpm.x,VLOOKUP($I40,'taxon-match_2026-08-31'!$A$2:$N$122,7,FALSE),IF(_xlpm.x=0,"",_xlpm.x))) -> Animalia | M40: =IF($I40="","",_xlfn.LET(_xlpm.x,VLOOKUP($I40,'taxon-match_2026-08-31'!$A$2:$N$122,8,FALSE),IF(_xlpm.x=0,"",_xlpm.x))) -> Echinodermata | N40: =IF($I40="","",_xlfn.LET(_xlpm.x,VLOOKUP($I40,'taxon-match_2026-08-31'!$A$2:$N$122,9,FALSE),IF(_xlpm.x=0,"",_xlpm.x))) -> Echinoidea | O40: =IF($I40="","",_xlfn.LET(_xlpm.x,VLOOKUP($I40,'taxon-match_2026-08-31'!$A$2:$N$122,10,FALSE),IF(_xlpm.x=0,"",_xlpm.x))) -> Camarodonta | P40: =IF($I40="","",_xlfn.LET(_xlpm.x,VLOOKUP($I40,'taxon-match_2026-08-31'!$A$2:$N$122,11,FALSE),IF(_xlpm.x=0,"",_xlpm.x))) -> Echinidae | Q40: =IF($I40="","",_xlfn.LET(_xlpm.x,VLOOKUP($I40,'taxon-match_2026-08-31'!$A$2:$N$122,12,FALSE),IF(_xlpm.x=0,"",_xlpm.x))) -> Sterechinus | R40: =IF($I40="","",_xlfn.LET(_xlpm.x,VLOOKUP($I40,'taxon-match_2026-08-31'!$A$2:$N$122,14,FALSE),IF(_xlpm.x=0,"",_xlpm.x))) -> neumayeri | S40: species | T40: Manon Bayat | U40: Lea Katz | V40: Martin Dogniez | W40: Bruno Danis | X40: =IF(T40="","",_xlfn.LET(_xlpm.x,VLOOKUP(T40,'Drop-down_menus'!$F$2:$G$16,2,FALSE),IF(_xlpm.x=0,"",_xlpm.x))) | Y40: =IF(U40="","",_xlfn.LET(_xlpm.x,VLOOKUP(U40,'Drop-down_menus'!$F$2:$G$16,2,FALSE),IF(_xlpm.x=0,"",_xlpm.x))) -> https://orcid.org/0000-0001-5748-602X | Z40: =IF(V40="","",_xlfn.LET(_xlpm.x,VLOOKUP(V40,'Drop-down_menus'!$F$2:$G$16,2,FALSE),IF(_xlpm.x=0,"",_xlpm.x))) -> https://orcid.org/0000-0002-9708-1761 | AA40: =IF(W40="","",_xlfn.LET(_xlpm.x,VLOOKUP(W40,'Drop-down_menus'!$F$2:$G$16,2,FALSE),IF(_xlpm.x=0,"",_xlpm.x))) -> https://orcid.org/0000-0002-9037-7623 | AB40: Ethanol 96 | AC40: RNA Later | AD40: Dried | AE40: Eppendorf 1.5 ml | AF40: Eppendorf 1.5 ml | AG40: Scintillation vial 20 ml
